Column,Row,Name,RC
1,10,Y72,R10-C1
1,13,Y90,R13-C1
1,16,Y108,R16-C1
1,34,Y233,R34-C1
1,37,Y251,R37-C1
1,40,Y269,R40-C1
1,43,Y287,R43-C1
1,61,Y412,R61-C1
1,62,R840,R62-C1
1,63,B12,R63-C1
1,64,Y430,R64-C1
1,65,R848,R65-C1
1,67,Y448,R67-C1
1,85,Y573,R85-C1
1,88,Y591,R88-C1
1,91,Y609,R91-C1
1,94,Y627,R94-C1
1,112,Y752,R112-C1
1,115,Y770,R115-C1
1,118,Y788,R118-C1
2,0,Y1,R0-C2
2,18,Y126,R18-C2
2,21,Y144,R21-C2
2,24,Y162,R24-C2
2,45,Y305,R45-C2
2,48,Y323,R48-C2
2,51,Y341,R51-C2
2,59,B15,R59-C2
2,61,R814,R61-C2
2,65,B28,R65-C2
2,67,R841,R67-C2
2,68,B42,R68-C2
2,69,Y466,R69-C2
2,72,Y484,R72-C2
2,75,Y502,R75-C2
2,96,Y645,R96-C2
2,99,Y663,R99-C2
2,102,Y681,R102-C2
2,120,Y806,R120-C2
2,123,Y824,R123-C2
2,126,Y842,R126-C2
3,2,Y19,R2-C3
3,5,Y37,R5-C3
3,8,Y55,R8-C3
3,26,Y180,R26-C3
3,29,Y198,R29-C3
3,32,Y216,R32-C3
3,35,Y234,R35-C3
3,52,B3,R52-C3
3,53,Y359,R53-C3
3,56,Y377,R56-C3
3,58,B25,R58-C3
3,59,Y395,R59-C3
3,61,B31,R61-C3
3,63,R803,R63-C3
3,66,R813,R66-C3
3,67,B57,R67-C3
3,69,R825,R69-C3
3,70,B65,R70-C3
3,75,R843,R75-C3
3,77,Y520,R77-C3
3,80,Y538,R80-C3
3,83,Y556,R83-C3
3,86,Y574,R86-C3
3,104,Y699,R104-C3
3,107,Y717,R107-C3
3,110,Y735,R110-C3
4,10,Y73,R10-C4
4,13,Y91,R13-C4
4,16,Y109,R16-C4
4,19,Y127,R19-C4
4,37,Y252,R37-C4
4,40,Y270,R40-C4
4,43,Y288,R43-C4
4,48,B5,R48-C4
4,51,B14,R51-C4
4,53,R760,R53-C4
4,54,B26,R54-C4
4,57,B37,R57-C4
4,59,R774,R59-C4
4,61,Y413,R61-C4
4,62,R790,R62-C4
4,63,B58,R63-C4
4,64,Y431,R64-C4
4,65,R802,R65-C4
4,66,B66,R66-C4
4,67,Y449,R67-C4
4,68,R804,R68-C4
4,69,B73,R69-C4
4,70,Y467,R70-C4
4,71,R815,R71-C4
4,74,R827,R74-C4
4,75,B99,R75-C4
4,77,R842,R77-C4
4,78,B105,R78-C4
4,80,R846,R80-C4
4,88,Y592,R88-C4
4,91,Y610,R91-C4
4,94,Y628,R94-C4
4,112,Y753,R112-C4
4,115,Y771,R115-C4
4,118,Y789,R118-C4
4,121,Y807,R121-C4
5,0,Y2,R0-C5
5,21,Y145,R21-C5
5,24,Y163,R24-C5
5,27,Y181,R27-C5
5,43,R704,R43-C5
5,44,B8,R44-C5
5,45,Y306,R45-C5
5,46,R719,R46-C5
5,48,Y324,R48-C5
5,49,R728,R49-C5
5,50,B32,R50-C5
5,51,Y342,R51-C5
5,53,B40,R53-C5
5,55,R745,R55-C5
5,58,R755,R58-C5
5,59,B64,R59-C5
5,61,R766,R61-C5
5,65,B81,R65-C5
5,67,R784,R67-C5
5,68,B93,R68-C5
5,72,Y485,R72-C5
5,73,R808,R73-C5
5,75,Y503,R75-C5
5,76,R816,R76-C5
5,78,Y521,R78-C5
5,79,R824,R79-C5
5,80,B129,R80-C5
5,82,R835,R82-C5
5,85,R850,R85-C5
5,96,Y646,R96-C5
5,99,Y664,R99-C5
5,102,Y682,R102-C5
5,123,Y825,R123-C5
5,126,Y843,R126-C5
6,2,Y20,R2-C6
6,5,Y38,R5-C6
6,8,Y56,R8-C6
6,11,Y74,R11-C6
6,29,Y199,R29-C6
6,32,Y217,R32-C6
6,35,Y235,R35-C6
6,39,R679,R39-C6
6,40,B9,R40-C6
6,43,B22,R43-C6
6,48,R705,R48-C6
6,49,B44,R49-C6
6,51,R721,R51-C6
6,52,B50,R52-C6
6,53,Y360,R53-C6
6,54,R729,R54-C6
6,55,B59,R55-C6
6,56,Y378,R56-C6
6,59,Y396,R59-C6
6,60,R748,R60-C6
6,61,B86,R61-C6
6,62,Y414,R62-C6
6,64,B89,R64-C6
6,66,R769,R66-C6
6,69,R776,R69-C6
6,70,B114,R70-C6
6,72,R785,R72-C6
6,75,R800,R75-C6
6,76,B134,R76-C6
6,78,R807,R78-C6
6,79,B139,R79-C6
6,80,Y539,R80-C6
6,81,R823,R81-C6
6,82,B149,R82-C6
6,83,Y557,R83-C6
6,84,R829,R84-C6
6,85,B162,R85-C6
6,86,Y575,R86-C6
6,87,R838,R87-C6
6,90,R851,R90-C6
6,104,Y700,R104-C6
6,107,Y718,R107-C6
6,110,Y736,R110-C6
6,113,Y754,R113-C6
7,13,Y92,R13-C7
7,16,Y110,R16-C7
7,19,Y128,R19-C7
7,33,B10,R33-C7
7,35,R645,R35-C7
7,36,B13,R36-C7
7,37,Y253,R37-C7
7,38,R663,R38-C7
7,40,Y271,R40-C7
7,41,R666,R41-C7
7,42,B33,R42-C7
7,43,Y289,R43-C7
7,46,Y307,R46-C7
7,47,R686,R47-C7
7,48,B56,R48-C7
7,51,B68,R51-C7
7,56,R715,R56-C7
7,57,B83,R57-C7
7,59,R726,R59-C7
7,62,R739,R62-C7
7,63,B102,R63-C7
7,64,Y432,R64-C7
7,66,B115,R66-C7
7,67,Y450,R67-C7
7,70,Y468,R70-C7
7,74,R777,R74-C7
7,75,B144,R75-C7
7,77,R787,R77-C7
7,78,B155,R78-C7
7,80,R795,R80-C7
7,81,B167,R81-C7
7,84,B177,R84-C7
7,86,R822,R86-C7
7,87,B183,R87-C7
7,88,Y593,R88-C7
7,89,R832,R89-C7
7,91,Y611,R91-C7
7,94,Y629,R94-C7
7,95,R845,R95-C7
7,97,Y647,R97-C7
7,115,Y772,R115-C7
7,118,Y790,R118-C7
7,121,Y808,R121-C7
8,0,Y3,R0-C8
8,3,Y21,R3-C8
8,21,Y146,R21-C8
8,24,Y164,R24-C8
8,27,Y182,R27-C8
8,29,B7,R29-C8
8,32,B20,R32-C8
8,37,R643,R37-C8
8,38,B36,R38-C8
8,41,B47,R41-C8
8,48,Y325,R48-C8
8,49,R683,R49-C8
8,50,B77,R50-C8
8,51,Y343,R51-C8
8,53,B87,R53-C8
8,54,Y361,R54-C8
8,55,R699,R55-C8
8,56,B95,R56-C8
8,59,B106,R59-C8
8,61,R718,R61-C8
8,64,R727,R64-C8
8,67,R738,R67-C8
8,68,B141,R68-C8
8,72,Y486,R72-C8
8,73,R759,R73-C8
8,75,Y504,R75-C8
8,77,B165,R77-C8
8,78,Y522,R78-C8
8,79,R783,R79-C8
8,80,B182,R80-C8
8,83,B185,R83-C8
8,85,R798,R85-C8
8,88,R809,R88-C8
8,92,B217,R92-C8
8,94,R826,R94-C8
8,95,B228,R95-C8
8,97,R836,R97-C8
8,98,B236,R98-C8
8,99,Y665,R99-C8
8,102,Y683,R102-C8
8,105,Y701,R105-C8
8,123,Y826,R123-C8
8,126,Y844,R126-C8
9,5,Y39,R5-C9
9,8,Y57,R8-C9
9,11,Y75,R11-C9
9,24,R577,R24-C9
9,25,B11,R25-C9
9,28,B23,R28-C9
9,29,Y200,R29-C9
9,31,B35,R31-C9
9,32,Y218,R32-C9
9,33,R610,R33-C9
9,34,B39,R34-C9
9,35,Y236,R35-C9
9,37,B48,R37-C9
9,38,Y254,R38-C9
9,42,R644,R42-C9
9,43,B75,R43-C9
9,51,R669,R51-C9
9,52,B101,R52-C9
9,54,R678,R54-C9
9,56,Y379,R56-C9
9,58,B123,R58-C9
9,59,Y397,R59-C9
9,62,Y415,R62-C9
9,64,B138,R64-C9
9,66,R717,R66-C9
9,67,B153,R67-C9
9,70,B164,R70-C9
9,72,R741,R72-C9
9,75,R746,R75-C9
9,76,B181,R76-C9
9,78,R756,R78-C9
9,79,B196,R79-C9
9,80,Y540,R80-C9
9,81,R770,R81-C9
9,83,Y558,R83-C9
9,84,R779,R84-C9
9,86,Y576,R86-C9
9,87,R786,R87-C9
9,88,B220,R88-C9
9,89,Y594,R89-C9
9,90,R797,R90-C9
9,93,R806,R93-C9
9,94,B238,R94-C9
9,96,R818,R96-C9
9,99,R831,R99-C9
9,100,B261,R100-C9
9,102,R837,R102-C9
9,103,B271,R103-C9
9,105,R849,R105-C9
9,107,Y719,R107-C9
9,110,Y737,R110-C9
9,113,Y755,R113-C9
10,13,Y93,R13-C10
10,16,Y111,R16-C10
10,18,B2,R18-C10
10,19,Y129,R19-C10
10,20,R554,R20-C10
10,22,Y147,R22-C10
10,24,B21,R24-C10
10,26,R571,R26-C10
10,30,B43,R30-C10
10,38,R607,R38-C10
10,40,Y272,R40-C10
10,42,B84,R42-C10
10,43,Y290,R43-C10
10,45,B92,R45-C10
10,46,Y308,R46-C10
10,47,R638,R47-C10
10,48,B104,R48-C10
10,50,R647,R50-C10
10,53,R661,R53-C10
10,54,B121,R54-C10
10,57,B130,R57-C10
10,59,R682,R59-C10
10,60,B140,R60-C10
10,62,R690,R62-C10
10,63,B154,R63-C10
10,64,Y433,R64-C10
10,65,R702,R65-C10
10,67,Y451,R67-C10
10,68,R710,R68-C10
10,69,B174,R69-C10
10,70,Y469,R70-C10
10,72,B184,R72-C10
10,73,Y487,R73-C10
10,75,B193,R75-C10
10,78,B200,R78-C10
10,80,R750,R80-C10
10,81,B210,R81-C10
10,83,R757,R83-C10
10,84,B223,R84-C10
10,90,B244,R90-C10
10,91,Y612,R91-C10
10,92,R794,R92-C10
10,94,Y630,R94-C10
10,95,R801,R95-C10
10,97,Y648,R97-C10
10,99,B270,R99-C10
10,101,R819,R101-C10
10,102,B284,R102-C10
10,105,B292,R105-C10
10,110,R847,R110-C10
10,115,Y773,R115-C10
10,118,Y791,R118-C10
10,121,Y809,R121-C10
10,124,Y827,R124-C10
11,0,Y4,R0-C11
11,3,Y22,R3-C11
11,14,B4,R14-C11
11,17,B17,R17-C11
11,20,B29,R20-C11
11,22,R541,R22-C11
11,23,B38,R23-C11
11,24,Y165,R24-C11
11,25,R551,R25-C11
11,27,Y183,R27-C11
11,29,B55,R29-C11
11,30,Y201,R30-C11
11,32,B63,R32-C11
11,34,R580,R34-C11
11,37,R590,R37-C11
11,41,B97,R41-C11
11,44,B103,R44-C11
11,47,B117,R47-C11
11,48,Y326,R48-C11
11,51,Y344,R51-C11
11,52,R640,R52-C11
11,54,Y362,R54-C11
11,59,B156,R59-C11
11,61,R675,R61-C11
11,62,B166,R62-C11
11,67,R687,R67-C11
11,70,R697,R70-C11
11,73,R707,R73-C11
11,74,B204,R74-C11
11,75,Y505,R75-C11
11,77,B219,R77-C11
11,78,Y523,R78-C11
11,79,R733,R79-C11
11,81,Y541,R81-C11
11,82,R743,R82-C11
11,85,R749,R85-C11
11,86,B251,R86-C11
11,89,B258,R89-C11
11,91,R771,R91-C11
11,92,B266,R92-C11
11,94,R782,R94-C11
11,95,B273,R95-C11
11,97,R791,R97-C11
11,98,B290,R98-C11
11,99,Y666,R99-C11
11,100,R799,R100-C11
11,101,B299,R101-C11
11,102,Y684,R102-C11
11,103,R810,R103-C11
11,105,Y702,R105-C11
11,109,R834,R109-C11
11,126,Y845,R126-C11
12,5,Y40,R5-C12
12,8,Y58,R8-C12
12,9,R482,R9-C12
12,10,B6,R10-C12
12,11,Y76,R11-C12
12,12,R490,R12-C12
12,13,B18,R13-C12
12,14,Y94,R14-C12
12,15,R500,R15-C12
12,16,B27,R16-C12
12,19,B41,R19-C12
12,22,B49,R22-C12
12,28,B69,R28-C12
12,30,R548,R30-C12
12,31,B76,R31-C12
12,32,Y219,R32-C12
12,33,R565,R33-C12
12,35,Y237,R35-C12
12,38,Y255,R38-C12
12,40,B107,R40-C12
12,43,B119,R43-C12
12,52,B148,R52-C12
12,54,R629,R54-C12
12,55,B158,R55-C12
12,56,Y380,R56-C12
12,58,B168,R58-C12
12,59,Y398,R59-C12
12,61,B180,R61-C12
12,62,Y416,R62-C12
12,63,R659,R63-C12
12,65,Y434,R65-C12
12,66,R668,R66-C12
12,76,B232,R76-C12
12,79,B240,R79-C12
12,81,R720,R81-C12
12,83,Y559,R83-C12
12,84,R736,R84-C12
12,85,B263,R85-C12
12,86,Y577,R86-C12
12,88,B267,R88-C12
12,89,Y595,R89-C12
12,91,B279,R91-C12
12,93,R758,R93-C12
12,96,R768,R96-C12
12,97,B296,R97-C12
12,100,B307,R100-C12
12,102,R789,R102-C12
12,106,B330,R106-C12
12,107,Y720,R107-C12
12,108,R812,R108-C12
12,109,B337,R109-C12
12,110,Y738,R110-C12
12,111,R821,R111-C12
12,113,Y756,R113-C12
12,114,R830,R114-C12
12,115,B358,R115-C12
12,116,Y774,R116-C12
12,117,R839,R117-C12
12,118,B371,R118-C12
13,6,B16,R6-C13
13,8,R460,R8-C13
13,9,B19,R9-C13
13,14,R480,R14-C13
13,15,B46,R15-C13
13,16,Y112,R16-C13
13,18,B53,R18-C13
13,19,Y130,R19-C13
13,21,B62,R21-C13
13,22,Y148,R22-C13
13,23,R512,R23-C13
13,24,B71,R24-C13
13,26,R521,R26-C13
13,27,B79,R27-C13
13,33,B100,R33-C13
13,36,B110,R36-C13
13,39,B120,R39-C13
13,40,Y273,R40-C13
13,41,R573,R41-C13
13,43,Y291,R43-C13
13,46,Y309,R46-C13
13,48,B151,R48-C13
13,49,Y327,R49-C13
13,50,R599,R50-C13
13,59,R634,R59-C13
13,60,B197,R60-C13
13,62,R646,R62-C13
13,63,B203,R63-C13
13,65,R652,R65-C13
13,67,Y452,R67-C13
13,70,Y470,R70-C13
13,71,R672,R71-C13
13,72,B237,R72-C13
13,73,Y488,R73-C13
13,75,B239,R75-C13
13,77,R693,R77-C13
13,83,R709,R83-C13
13,86,R725,R86-C13
13,87,B280,R87-C13
13,91,Y613,R91-C13
13,92,R744,R92-C13
13,93,B301,R93-C13
13,94,Y631,R94-C13
13,97,Y649,R97-C13
13,98,R763,R98-C13
13,99,B320,R99-C13
13,100,Y667,R100-C13
13,104,R778,R104-C13
13,105,B344,R105-C13
13,107,R788,R107-C13
13,118,Y792,R118-C13
13,119,R828,R119-C13
13,121,Y810,R121-C13
13,124,Y828,R124-C13
14,0,Y5,R0-C14
14,1,R422,R1-C14
14,3,Y23,R3-C14
14,5,B24,R5-C14
14,6,Y41,R6-C14
14,8,B34,R8-C14
14,10,R449,R10-C14
14,11,B45,R11-C14
14,14,B52,R14-C14
14,20,B72,R20-C14
14,24,Y166,R24-C14
14,25,R505,R25-C14
14,26,B98,R26-C14
14,27,Y184,R27-C14
14,30,Y202,R30-C14
14,31,R524,R31-C14
14,32,B112,R32-C14
14,35,B128,R35-C14
14,38,B133,R38-C14
14,44,B160,R44-C14
14,49,R581,R49-C14
14,50,B178,R50-C14
14,51,Y345,R51-C14
14,52,R593,R52-C14
14,53,B190,R53-C14
14,54,Y363,R54-C14
14,55,R600,R55-C14
14,56,B194,R56-C14
14,57,Y381,R57-C14
14,59,B205,R59-C14
14,61,R622,R61-C14
14,62,B213,R62-C14
14,64,R632,R64-C14
14,65,B229,R65-C14
14,70,R655,R70-C14
14,73,R660,R73-C14
14,75,Y506,R75-C14
14,76,R671,R76-C14
14,78,Y524,R78-C14
14,80,B272,R80-C14
14,81,Y542,R81-C14
14,82,R696,R82-C14
14,83,B282,R83-C14
14,85,R706,R85-C14
14,86,B297,R86-C14
14,89,B305,R89-C14
14,92,B312,R92-C14
14,94,R732,R94-C14
14,95,B326,R95-C14
14,97,R740,R97-C14
14,100,R753,R100-C14
14,102,Y685,R102-C14
14,103,R767,R103-C14
14,104,B353,R104-C14
14,105,Y703,R105-C14
14,106,R775,R106-C14
14,108,Y721,R108-C14
14,109,R780,R109-C14
14,112,R796,R112-C14
14,118,R811,R118-C14
14,124,R833,R124-C14
14,126,Y846,R126-C14
14,127,R844,R127-C14
15,1,B30,R1-C15
15,3,R412,R3-C15
15,6,R426,R6-C15
15,7,B51,R7-C15
15,8,Y59,R8-C15
15,9,R431,R9-C15
15,10,B60,R10-C15
15,11,Y77,R11-C15
15,13,B70,R13-C15
15,14,Y95,R14-C15
15,15,R451,R15-C15
15,16,B82,R16-C15
15,19,B90,R19-C15
15,21,R472,R21-C15
15,24,R487,R24-C15
15,25,B113,R25-C15
15,27,R489,R27-C15
15,28,B116,R28-C15
15,30,R503,R30-C15
15,31,B126,R31-C15
15,32,Y220,R32-C15
15,34,B136,R34-C15
15,35,Y238,R35-C15
15,36,R519,R36-C15
15,38,Y256,R38-C15
15,39,R532,R39-C15
15,41,Y274,R41-C15
15,42,R539,R42-C15
15,43,B173,R43-C15
15,45,R552,R45-C15
15,48,R560,R48-C15
15,49,B189,R49-C15
15,51,R570,R51-C15
15,57,R597,R57-C15
15,58,B222,R58-C15
15,59,Y399,R59-C15
15,61,B227,R61-C15
15,62,Y417,R62-C15
15,64,B235,R64-C15
15,65,Y435,R65-C15
15,66,R621,R66-C15
15,73,B265,R73-C15
15,76,B278,R76-C15
15,81,R676,R81-C15
15,83,Y560,R83-C15
15,85,B313,R85-C15
15,86,Y578,R86-C15
15,87,R689,R87-C15
15,88,B321,R88-C15
15,89,Y596,R89-C15
15,92,Y614,R92-C15
15,99,R730,R99-C15
15,102,R742,R102-C15
15,103,B366,R103-C15
15,105,R752,R105-C15
15,108,R762,R108-C15
15,110,Y739,R110-C15
15,112,B402,R112-C15
15,113,Y757,R113-C15
15,114,R781,R114-C15
15,116,Y775,R116-C15
15,117,R793,R117-C15
15,123,R817,R123-C15
15,126,R820,R126-C15
16,3,B54,R3-C16
16,9,B67,R9-C16
16,11,R420,R11-C16
16,12,B85,R12-C16
16,15,B88,R15-C16
16,16,Y113,R16-C16
16,17,R445,R17-C16
16,19,Y131,R19-C16
16,21,B111,R21-C16
16,22,Y149,R22-C16
16,24,B122,R24-C16
16,25,Y167,R25-C16
16,33,B147,R33-C16
16,35,R508,R35-C16
16,38,R516,R38-C16
16,39,B171,R39-C16
16,43,Y292,R43-C16
16,45,B187,R45-C16
16,46,Y310,R46-C16
16,47,R547,R47-C16
16,49,Y328,R49-C16
16,50,R556,R50-C16
16,51,B212,R51-C16
16,53,R562,R53-C16
16,54,B218,R54-C16
16,59,R582,R59-C16
16,60,B243,R60-C16
16,62,R598,R62-C16
16,66,B257,R66-C16
16,67,Y453,R67-C16
16,69,B268,R69-C16
16,70,Y471,R70-C16
16,73,Y489,R73-C16
16,74,R635,R74-C16
16,76,Y507,R76-C16
16,78,B303,R78-C16
16,80,R653,R80-C16
16,86,R670,R86-C16
16,92,R694,R92-C16
16,93,B354,R93-C16
16,94,Y632,R94-C16
16,97,Y650,R97-C16
16,98,R714,R98-C16
16,99,B372,R99-C16
16,100,Y668,R100-C16
16,101,R724,R101-C16
16,104,R737,R104-C16
16,105,B393,R105-C16
16,107,R747,R107-C16
16,113,R761,R113-C16
16,116,R773,R116-C16
16,117,B431,R117-C16
16,118,Y793,R118-C16
16,121,Y811,R121-C16
16,122,R792,R122-C16
16,124,Y829,R124-C16
16,125,R805,R125-C16
16,127,Y847,R127-C16
17,0,Y6,R0-C17
17,1,R374,R1-C17
17,2,B61,R2-C17
17,3,Y24,R3-C17
17,5,B74,R5-C17
17,6,Y42,R6-C17
17,8,B80,R8-C17
17,11,B94,R11-C17
17,13,R411,R13-C17
17,19,R433,R19-C17
17,20,B127,R20-C17
17,22,R440,R22-C17
17,25,R458,R25-C17
17,26,B145,R26-C17
17,27,Y185,R27-C17
17,28,R467,R28-C17
17,29,B152,R29-C17
17,30,Y203,R30-C17
17,31,R470,R31-C17
17,33,Y221,R33-C17
17,35,B175,R35-C17
17,40,R506,R40-C17
17,41,B191,R41-C17
17,44,B207,R44-C17
17,49,R533,R49-C17
17,50,B221,R50-C17
17,51,Y346,R51-C17
17,53,B233,R53-C17
17,54,Y364,R54-C17
17,57,Y382,R57-C17
17,58,R566,R58-C17
17,59,B252,R59-C17
17,64,R585,R64-C17
17,65,B276,R65-C17
17,68,B287,R68-C17
17,73,R612,R73-C17
17,74,B302,R74-C17
17,78,Y525,R78-C17
17,79,R630,R79-C17
17,81,Y543,R81-C17
17,82,R648,R82-C17
17,83,B338,R83-C17
17,84,Y561,R84-C17
17,85,R658,R85-C17
17,89,B352,R89-C17
17,94,R681,R94-C17
17,95,B378,R95-C17
17,97,R692,R97-C17
17,98,B387,R98-C17
17,101,B391,R101-C17
17,102,Y686,R102-C17
17,103,R713,R103-C17
17,105,Y704,R105-C17
17,108,Y722,R108-C17
17,115,R751,R115-C17
17,118,R765,R118-C17
17,121,R772,R121-C17
17,122,B466,R122-C17
17,125,B473,R125-C17
18,1,B78,R1-C18
18,4,B91,R4-C18
18,8,Y60,R8-C18
18,9,R384,R9-C18
18,10,B108,R10-C18
18,11,Y78,R11-C18
18,12,R395,R12-C18
18,13,B118,R13-C18
18,14,Y96,R14-C18
18,17,Y114,R17-C18
18,19,B135,R19-C18
18,22,B143,R22-C18
18,24,R435,R24-C18
18,28,B163,R28-C18
18,35,Y239,R35-C18
18,37,B198,R37-C18
18,38,Y257,R38-C18
18,39,R481,R39-C18
18,40,B208,R40-C18
18,41,Y275,R41-C18
18,48,R515,R48-C18
18,49,B241,R49-C18
18,51,R528,R51-C18
18,54,R537,R54-C18
18,55,B255,R55-C18
18,59,Y400,R59-C18
18,60,R555,R60-C18
18,61,B274,R61-C18
18,62,Y418,R62-C18
18,63,R561,R63-C18
18,64,B285,R64-C18
18,65,Y436,R65-C18
18,66,R576,R66-C18
18,68,Y454,R68-C18
18,69,R586,R69-C18
18,70,B311,R70-C18
18,72,R594,R72-C18
18,73,B316,R73-C18
18,75,R606,R75-C18
18,76,B325,R76-C18
18,84,R636,R84-C18
18,85,B355,R85-C18
18,86,Y579,R86-C18
18,88,B364,R88-C18
18,89,Y597,R89-C18
18,92,Y615,R92-C18
18,93,R662,R93-C18
18,96,R673,R96-C18
18,97,B394,R97-C18
18,103,B413,R103-C18
18,105,R701,R105-C18
18,108,R711,R108-C18
18,109,B434,R109-C18
18,110,Y740,R110-C18
18,111,R723,R111-C18
18,112,B446,R112-C18
18,113,Y758,R113-C18
18,114,R731,R114-C18
18,116,Y776,R116-C18
18,119,Y794,R119-C18
18,120,R754,R120-C18
18,123,R764,R123-C18
18,124,B485,R124-C18
18,127,B494,R127-C18
19,1,Y7,R1-C19
19,3,B96,R3-C19
19,8,R364,R8-C19
19,12,B132,R12-C19
19,18,B146,R18-C19
19,19,Y132,R19-C19
19,20,R402,R20-C19
19,21,B159,R21-C19
19,22,Y150,R22-C19
19,24,B172,R24-C19
19,25,Y168,R25-C19
19,27,B179,R27-C19
19,30,B192,R30-C19
19,32,R447,R32-C19
19,33,B201,R33-C19
19,35,R457,R35-C19
19,38,R469,R38-C19
19,43,Y293,R43-C19
19,45,B242,R45-C19
19,46,Y311,R46-C19
19,47,R494,R47-C19
19,49,Y329,R49-C19
19,50,R501,R50-C19
19,52,Y347,R52-C19
19,53,R511,R53-C19
19,60,B291,R60-C19
19,62,R543,R62-C19
19,65,R553,R65-C19
19,68,R564,R68-C19
19,70,Y472,R70-C19
19,71,R574,R71-C19
19,73,Y490,R73-C19
19,76,Y508,R76-C19
19,80,R608,R80-C19
19,84,B370,R84-C19
19,86,R624,R86-C19
19,87,B377,R87-C19
19,94,Y633,R94-C19
19,97,Y651,R97-C19
19,100,Y669,R100-C19
19,101,R677,R101-C19
19,102,B427,R102-C19
19,103,Y687,R103-C19
19,105,B436,R105-C19
19,107,R691,R107-C19
19,113,R716,R113-C19
19,114,B474,R114-C19
19,117,B476,R117-C19
19,119,R735,R119-C19
19,121,Y812,R121-C19
19,124,Y830,R124-C19
19,126,B513,R126-C19
19,127,Y848,R127-C19
20,1,R328,R1-C20
20,2,B109,R2-C20
20,3,Y25,R3-C20
20,4,R332,R4-C20
20,5,B125,R5-C20
20,6,Y43,R6-C20
20,8,B131,R8-C20
20,9,Y61,R9-C20
20,10,R360,R10-C20
20,11,B142,R11-C20
20,14,B150,R14-C20
20,17,B161,R17-C20
20,19,R389,R19-C20
20,23,B186,R23-C20
20,25,R405,R25-C20
20,27,Y186,R27-C20
20,30,Y204,R30-C20
20,33,Y222,R33-C20
20,35,B225,R35-C20
20,37,R444,R37-C20
20,40,R454,R40-C20
20,46,R473,R46-C20
20,49,R483,R49-C20
20,50,B269,R50-C20
20,53,B281,R53-C20
20,54,Y365,R54-C20
20,57,Y383,R57-C20
20,60,Y401,R60-C20
20,62,B310,R62-C20
20,67,R550,R67-C20
20,74,B357,R74-C20
20,77,B359,R77-C20
20,78,Y526,R78-C20
20,79,R584,R79-C20
20,80,B376,R80-C20
20,81,Y544,R81-C20
20,83,B379,R83-C20
20,84,Y562,R84-C20
20,85,R604,R85-C20
20,88,R620,R88-C20
20,91,R628,R91-C20
20,98,B435,R98-C20
20,104,B449,R104-C20
20,105,Y705,R105-C20
20,108,Y723,R108-C20
20,111,Y741,R111-C20
20,112,R695,R112-C20
20,113,B481,R113-C20
20,116,B489,R116-C20
20,118,R712,R118-C20
20,122,B511,R122-C20
20,124,R734,R124-C20
21,1,B124,R1-C21
21,4,B137,R4-C21
21,10,B157,R10-C21
21,11,Y79,R11-C21
21,13,B169,R13-C21
21,14,Y97,R14-C21
21,17,Y115,R17-C21
21,22,B195,R22-C21
21,24,R387,R24-C21
21,25,B202,R25-C21
21,28,B215,R28-C21
21,33,R415,R33-C21
21,35,Y240,R35-C21
21,36,R427,R36-C21
21,37,B246,R37-C21
21,38,Y258,R38-C21
21,40,B256,R40-C21
21,41,Y276,R41-C21
21,42,R443,R42-C21
21,44,Y294,R44-C21
21,46,B275,R46-C21
21,49,B283,R49-C21
21,51,R474,R51-C21
21,55,B308,R55-C21
21,57,R499,R57-C21
21,58,B319,R58-C21
21,60,R504,R60-C21
21,61,B328,R61-C21
21,62,Y419,R62-C21
21,64,B340,R64-C21
21,65,Y437,R65-C21
21,66,R523,R66-C21
21,67,B342,R67-C21
21,68,Y455,R68-C21
21,78,R569,R78-C21
21,85,B407,R85-C21
21,86,Y580,R86-C21
21,87,R592,R87-C21
21,88,B418,R88-C21
21,89,Y598,R89-C21
21,92,Y616,R92-C21
21,93,R619,R93-C21
21,94,B437,R94-C21
21,95,Y634,R95-C21
21,96,R623,R96-C21
21,99,R633,R99-C21
21,105,R657,R105-C21
21,106,B477,R106-C21
21,108,R667,R108-C21
21,112,B499,R112-C21
21,113,Y759,R113-C21
21,114,R684,R114-C21
21,115,B504,R115-C21
21,116,Y777,R116-C21
21,117,R700,R117-C21
21,119,Y795,R119-C21
21,120,R703,R120-C21
21,124,B540,R124-C21
21,126,R722,R126-C21
22,1,Y8,R1-C22
22,8,R316,R8-C22
22,12,B176,R12-C22
22,17,R345,R17-C22
22,19,Y133,R19-C22
22,21,B211,R21-C22
22,22,Y151,R22-C22
22,25,Y169,R25-C22
22,28,Y187,R28-C22
22,29,R383,R29-C22
22,30,B234,R30-C22
22,32,R398,R32-C22
22,35,R408,R35-C22
22,38,R419,R38-C22
22,44,R437,R44-C22
22,46,Y312,R46-C22
22,47,R446,R47-C22
22,48,B300,R48-C22
22,49,Y330,R49-C22
22,52,Y348,R52-C22
22,54,B318,R54-C22
22,56,R476,R56-C22
22,69,B369,R69-C22
22,70,Y473,R70-C22
22,73,Y491,R73-C22
22,74,R540,R74-C22
22,76,Y509,R76-C22
22,79,Y527,R79-C22
22,81,B404,R81-C22
22,87,B428,R87-C22
22,89,R583,R89-C22
22,95,R605,R95-C22
22,96,B456,R96-C22
22,97,Y652,R97-C22
22,98,R613,R98-C22
22,100,Y670,R100-C22
22,101,R627,R101-C22
22,102,B480,R102-C22
22,103,Y688,R103-C22
22,107,R651,R107-C22
22,108,B501,R108-C22
22,110,R654,R110-C22
22,111,B506,R111-C22
22,113,R664,R113-C22
22,114,B522,R114-C22
22,116,R674,R116-C22
22,117,B530,R117-C22
22,119,R685,R119-C22
22,121,Y813,R121-C22
22,122,R698,R122-C22
22,123,B548,R123-C22
22,124,Y831,R124-C22
22,125,R708,R125-C22
22,127,Y849,R127-C22
23,3,Y26,R3-C23
23,4,R284,R4-C23
23,6,Y44,R6-C23
23,9,Y62,R9-C23
23,13,R314,R13-C23
23,16,R324,R16-C23
23,17,B209,R17-C23
23,23,B230,R23-C23
23,25,R356,R25-C23
23,29,B249,R29-C23
23,30,Y205,R30-C23
23,31,R375,R31-C23
23,32,B259,R32-C23
23,33,Y223,R33-C23
23,36,Y241,R36-C23
23,43,R418,R43-C23
23,53,B334,R53-C23
23,54,Y366,R54-C23
23,55,R453,R55-C23
23,56,B345,R56-C23
23,57,Y384,R57-C23
23,60,Y402,R60-C23
23,61,R477,R61-C23
23,68,B380,R68-C23
23,76,R530,R76-C23
23,77,B408,R77-C23
23,81,Y545,R81-C23
23,84,Y563,R84-C23
23,87,Y581,R87-C23
23,88,R563,R88-C23
23,92,B460,R92-C23
23,94,R587,R94-C23
23,95,B470,R95-C23
23,97,R601,R97-C23
23,100,R609,R100-C23
23,101,B491,R101-C23
23,103,R618,R103-C23
23,104,B505,R104-C23
23,105,Y706,R105-C23
23,107,B512,R107-C23
23,108,Y724,R108-C23
23,109,R639,R109-C23
23,111,Y742,R111-C23
23,116,B537,R116-C23
23,119,B549,R119-C23
23,121,R680,R121-C23
23,124,R688,R124-C23
24,1,B170,R1-C24
24,3,R267,R3-C24
24,4,B188,R4-C24
24,6,R275,R6-C24
24,9,R288,R9-C24
24,10,B206,R10-C24
24,11,Y80,R11-C24
24,12,R294,R12-C24
24,14,Y98,R14-C24
24,17,Y116,R17-C24
24,18,R319,R18-C24
24,20,Y134,R20-C24
24,24,R338,R24-C24
24,25,B253,R25-C24
24,28,B260,R28-C24
24,37,B298,R37-C24
24,38,Y259,R38-C24
24,39,R392,R39-C24
24,41,Y277,R41-C24
24,42,R399,R42-C24
24,43,B315,R43-C24
24,44,Y295,R44-C24
24,45,R409,R45-C24
24,48,R416,R48-C24
24,49,B335,R49-C24
24,54,R442,R54-C24
24,61,B373,R61-C24
24,62,Y420,R62-C24
24,63,R465,R63-C24
24,65,Y438,R65-C24
24,68,Y456,R68-C24
24,71,Y474,R71-C24
24,72,R496,R72-C24
24,73,B414,R73-C24
24,76,B421,R76-C24
24,78,R520,R78-C24
24,84,R536,R84-C24
24,85,B452,R85-C24
24,89,Y599,R89-C24
24,92,Y617,R92-C24
24,95,Y635,R95-C24
24,97,B492,R97-C24
24,102,R602,R102-C24
24,103,B514,R103-C24
24,108,R617,R108-C24
24,109,B534,R109-C24
24,111,R626,R111-C24
24,113,Y760,R113-C24
24,114,R642,R114-C24
24,116,Y778,R116-C24
24,117,R649,R117-C24
24,119,Y796,R119-C24
24,122,Y814,R122-C24
24,123,R665,R123-C24
24,124,B581,R124-C24
25,1,Y9,R1-C25
25,3,B199,R3-C25
25,4,Y27,R4-C25
25,9,B214,R9-C25
25,12,B226,R12-C25
25,14,R289,R14-C25
25,17,R296,R17-C25
25,18,B245,R18-C25
25,20,R308,R20-C25
25,22,Y152,R22-C25
25,23,R315,R23-C25
25,25,Y170,R25-C25
25,28,Y188,R28-C25
25,32,R347,R32-C25
25,33,B294,R33-C25
25,38,R368,R38-C25
25,41,R378,R41-C25
25,46,Y313,R46-C25
25,49,Y331,R49-C25
25,52,Y349,R52-C25
25,55,Y367,R55-C25
25,57,B381,R57-C25
25,59,R438,R59-C25
25,63,B401,R63-C25
25,66,B405,R66-C25
25,73,Y492,R73-C25
25,75,B440,R75-C25
25,76,Y510,R76-C25
25,78,B447,R78-C25
25,79,Y528,R79-C25
25,81,B454,R81-C25
25,84,B469,R84-C25
25,86,R529,R86-C25
25,89,R534,R89-C25
25,92,R545,R92-C25
25,93,B493,R93-C25
25,97,Y653,R97-C25
25,98,R568,R98-C25
25,100,Y671,R100-C25
25,102,B528,R102-C25
25,103,Y689,R103-C25
25,104,R591,R104-C25
25,106,Y707,R106-C25
25,107,R595,R107-C25
25,108,B543,R108-C25
25,110,R611,R110-C25
25,111,B556,R111-C25
25,113,R614,R113-C25
25,114,B569,R114-C25
25,116,R625,R116-C25
25,117,B573,R117-C25
25,119,R641,R119-C25
25,120,B586,R120-C25
25,122,R650,R122-C25
25,124,Y832,R124-C25
25,125,R656,R125-C25
25,126,B606,R126-C25
25,127,Y850,R127-C25
26,5,B216,R5-C26
26,6,Y45,R6-C26
26,7,R251,R7-C26
26,9,Y63,R9-C26
26,12,Y81,R12-C26
26,14,B247,R14-C26
26,19,R287,R19-C26
26,26,B289,R26-C26
26,30,Y206,R30-C26
26,33,Y224,R33-C26
26,34,R341,R34-C26
26,36,Y242,R36-C26
26,38,B327,R38-C26
26,44,B347,R44-C26
26,47,B363,R47-C26
26,49,R390,R49-C26
26,50,B368,R50-C26
26,57,Y385,R57-C26
26,59,B397,R59-C26
26,60,Y403,R60-C26
26,61,R430,R61-C26
26,63,Y421,R63-C26
26,68,B426,R68-C26
26,70,R461,R70-C26
26,76,R479,R76-C26
26,79,R493,R79-C26
26,81,Y546,R81-C26
26,82,R497,R82-C26
26,84,Y564,R84-C26
26,86,B488,R86-C26
26,87,Y582,R87-C26
26,95,B519,R95-C26
26,97,R546,R97-C26
26,101,B544,R101-C26
26,106,R575,R106-C26
26,107,B560,R107-C26
26,108,Y725,R108-C26
26,110,B571,R110-C26
26,111,Y743,R111-C26
26,114,Y761,R114-C26
26,116,B593,R116-C26
26,118,R615,R118-C26
26,121,R631,R121-C26
26,124,R637,R124-C26
27,1,B224,R1-C27
27,3,R216,R3-C27
27,4,B231,R4-C27
27,10,B250,R10-C27
27,12,R252,R12-C27
27,13,B264,R13-C27
27,14,Y99,R14-C27
27,15,R262,R15-C27
27,16,B277,R16-C27
27,17,Y117,R17-C27
27,20,Y135,R20-C27
27,21,R278,R21-C27
27,28,B317,R28-C27
27,34,B331,R34-C27
27,38,Y260,R38-C27
27,39,R340,R39-C27
27,40,B349,R40-C27
27,41,Y278,R41-C27
27,43,B362,R43-C27
27,44,Y296,R44-C27
27,45,R357,R45-C27
27,47,Y314,R47-C27
27,51,R381,R51-C27
27,54,R393,R54-C27
27,55,B406,R55-C27
27,57,R397,R57-C27
27,58,B416,R58-C27
27,60,R406,R60-C27
27,65,Y439,R65-C27
27,67,B445,R67-C27
27,68,Y457,R68-C27
27,70,B453,R70-C27
27,71,Y475,R71-C27
27,82,B496,R82-C27
27,89,Y600,R89-C27
27,91,B520,R91-C27
27,92,Y618,R92-C27
27,94,B529,R94-C27
27,95,Y636,R95-C27
27,96,R525,R96-C27
27,98,Y654,R98-C27
27,103,B564,R103-C27
27,105,R557,R105-C27
27,108,R567,R108-C27
27,111,R578,R111-C27
27,116,Y779,R116-C27
27,117,R603,R117-C27
27,118,B612,R118-C27
27,119,Y797,R119-C27
27,122,Y815,R122-C27
27,123,R616,R123-C27
27,124,B632,R124-C27
27,127,B643,R127-C27
28,1,Y10,R1-C28
28,2,R204,R2-C28
28,3,B248,R3-C28
28,4,Y28,R4-C28
28,5,R212,R5-C28
28,8,R224,R8-C28
28,9,B262,R9-C28
28,14,R242,R14-C28
28,15,B288,R15-C28
28,17,R250,R17-C28
28,18,B293,R18-C28
28,22,Y153,R22-C28
28,23,R268,R23-C28
28,24,B314,R24-C28
28,25,Y171,R25-C28
28,27,B323,R27-C28
28,28,Y189,R28-C28
28,30,B332,R30-C28
28,31,Y207,R31-C28
28,35,R311,R35-C28
28,39,B361,R39-C28
28,41,R327,R41-C28
28,42,B375,R42-C28
28,45,B384,R45-C28
28,49,Y332,R49-C28
28,50,R361,R50-C28
28,51,B409,R51-C28
28,52,Y350,R52-C28
28,54,B415,R54-C28
28,55,Y368,R55-C28
28,56,R380,R56-C28
28,57,B423,R57-C28
28,59,R386,R59-C28
28,60,B439,R60-C28
28,62,R401,R62-C28
28,66,B459,R66-C28
28,68,R424,R68-C28
28,69,B468,R69-C28
28,71,R428,R71-C28
28,73,Y493,R73-C28
28,75,B487,R75-C28
28,76,Y511,R76-C28
28,79,Y529,R79-C28
28,80,R464,R80-C28
28,82,Y547,R82-C28
28,84,B515,R84-C28
28,87,B527,R87-C28
28,95,R507,R95-C28
28,96,B552,R96-C28
28,98,R518,R98-C28
28,100,Y672,R100-C28
28,101,R526,R101-C28
28,102,B579,R102-C28
28,103,Y690,R103-C28
28,106,Y708,R106-C28
28,110,R559,R110-C28
28,111,B602,R111-C28
28,114,B616,R114-C28
28,119,R589,R119-C28
28,120,B636,R120-C28
28,124,Y833,R124-C28
28,126,B657,R126-C28
28,127,Y851,R127-C28
29,2,B254,R2-C29
29,4,R187,R4-C29
29,6,Y46,R6-C29
29,9,Y64,R9-C29
29,11,B286,R11-C29
29,12,Y82,R12-C29
29,17,B309,R17-C29
29,19,R237,R19-C29
29,33,Y225,R33-C29
29,36,Y243,R36-C29
29,37,R305,R37-C29
29,39,Y261,R39-C29
29,41,B389,R41-C29
29,43,R322,R43-C29
29,44,B396,R44-C29
29,46,R335,R46-C29
29,47,B410,R47-C29
29,49,R343,R49-C29
29,53,B432,R53-C29
29,56,B438,R56-C29
29,57,Y386,R57-C29
29,60,Y404,R60-C29
29,63,Y422,R63-C29
29,70,R407,R70-C29
29,77,B507,R77-C29
29,83,B525,R83-C29
29,84,Y565,R84-C29
29,85,R456,R85-C29
29,87,Y583,R87-C29
29,88,R466,R88-C29
29,90,Y601,R90-C29
29,92,B558,R92-C29
29,94,R492,R94-C29
29,101,B584,R101-C29
29,104,B599,R104-C29
29,107,B609,R107-C29
29,108,Y726,R108-C29
29,109,R542,R109-C29
29,111,Y744,R111-C29
29,113,B627,R113-C29
29,114,Y762,R114-C29
29,118,R572,R118-C29
29,122,B660,R122-C29
29,124,R588,R124-C29
29,127,R596,R127-C29
30,6,R184,R6-C30
30,7,B295,R7-C30
30,12,R197,R12-C30
30,14,Y100,R14-C30
30,15,R215,R15-C30
30,17,Y118,R17-C30
30,19,B329,R19-C30
30,20,Y136,R20-C30
30,22,B343,R22-C30
30,23,Y154,R23-C30
30,24,R238,R24-C30
30,30,R260,R30-C30
30,31,B367,R31-C30
30,33,R272,R33-C30
30,34,B382,R34-C30
30,36,R282,R36-C30
30,40,B399,R40-C30
30,41,Y279,R41-C30
30,42,R300,R42-C30
30,44,Y297,R44-C30
30,47,Y315,R47-C30
30,57,R354,R57-C30
30,61,B472,R61-C30
30,64,B479,R64-C30
30,65,Y440,R65-C30
30,68,Y458,R68-C30
30,69,R394,R69-C30
30,70,B500,R70-C30
30,71,Y476,R71-C30
30,73,B508,R73-C30
30,74,Y494,R74-C30
30,76,B524,R76-C30
30,88,B557,R88-C30
30,90,R463,R90-C30
30,91,B568,R91-C30
30,92,Y619,R92-C30
30,93,R475,R93-C30
30,94,B578,R94-C30
30,95,Y637,R95-C30
30,96,R485,R96-C30
30,97,B589,R97-C30
30,98,Y655,R98-C30
30,99,R488,R99-C30
30,100,B600,R100-C30
30,106,B622,R106-C30
30,108,R517,R108-C30
30,109,B630,R109-C30
30,111,R527,R111-C30
30,114,R538,R114-C30
30,116,Y780,R116-C30
30,117,R549,R117-C30
30,118,B664,R118-C30
30,119,Y798,R119-C30
30,120,R558,R120-C30
30,121,B668,R121-C30
30,122,Y816,R122-C30
30,125,Y834,R125-C30
30,126,R579,R126-C30
31,1,Y11,R1-C31
31,2,R152,R2-C31
31,4,Y29,R4-C31
31,5,R161,R5-C31
31,6,B306,R6-C31
31,7,Y47,R7-C31
31,11,R179,R11-C31
31,12,B322,R12-C31
31,14,R189,R14-C31
31,15,B333,R15-C31
31,17,R198,R17-C31
31,18,B346,R18-C31
31,20,R207,R20-C31
31,23,R217,R23-C31
31,25,Y172,R25-C31
31,28,Y190,R28-C31
31,31,Y208,R31-C31
31,33,B390,R33-C31
31,35,R258,R35-C31
31,36,B400,R36-C31
31,41,R277,R41-C31
31,42,B422,R42-C31
31,44,R293,R44-C31
31,45,B430,R45-C31
31,47,R303,R47-C31
31,48,B441,R48-C31
31,49,Y333,R49-C31
31,50,R310,R50-C31
31,51,B458,R51-C31
31,52,Y351,R52-C31
31,54,B465,R54-C31
31,55,Y369,R55-C31
31,58,Y387,R58-C31
31,60,B483,R60-C31
31,65,R358,R65-C31
31,66,B502,R66-C31
31,68,R370,R68-C31
31,69,B510,R69-C31
31,71,R377,R71-C31
31,74,R396,R74-C31
31,76,Y512,R76-C31
31,79,Y530,R79-C31
31,82,Y548,R82-C31
31,83,R423,R83-C31
31,84,B562,R84-C31
31,90,B585,R90-C31
31,93,B592,R93-C31
31,99,B615,R99-C31
31,100,Y673,R100-C31
31,103,Y691,R103-C31
31,104,R491,R104-C31
31,105,B631,R105-C31
31,106,Y709,R106-C31
31,107,R502,R107-C31
31,108,B642,R108-C31
31,109,Y727,R109-C31
31,110,R509,R110-C31
31,111,B652,R111-C31
31,116,R535,R116-C31
31,120,B680,R120-C31
31,126,B704,R126-C31
31,127,Y852,R127-C31
32,2,B304,R2-C32
32,4,R139,R4-C32
32,7,R148,R7-C32
32,9,Y65,R9-C32
32,10,R159,R10-C32
32,11,B339,R11-C32
32,12,Y83,R12-C32
32,13,R173,R13-C32
32,14,B348,R14-C32
32,15,Y101,R15-C32
32,16,R182,R16-C32
32,17,B356,R17-C32
32,19,R192,R19-C32
32,20,B365,R20-C32
32,22,R203,R22-C32
32,26,B388,R26-C32
32,28,R225,R28-C32
32,29,B398,R29-C32
32,33,Y226,R33-C32
32,34,R241,R34-C32
32,36,Y244,R36-C32
32,37,R253,R37-C32
32,39,Y262,R39-C32
32,44,B443,R44-C32
32,50,B467,R50-C32
32,52,R306,R52-C32
32,53,B478,R53-C32
32,56,B484,R56-C32
32,60,Y405,R60-C32
32,63,Y423,R63-C32
32,66,Y441,R66-C32
32,67,R348,R67-C32
32,70,R366,R70-C32
32,71,B539,R71-C32
32,73,R376,R73-C32
32,77,B553,R77-C32
32,79,R391,R79-C32
32,80,B570,R80-C32
32,83,B574,R83-C32
32,84,Y566,R84-C32
32,87,Y584,R87-C32
32,89,B595,R89-C32
32,90,Y602,R90-C32
32,92,B603,R92-C32
32,95,B614,R95-C32
32,100,R459,R100-C32
32,104,B644,R104-C32
32,109,R495,R109-C32
32,110,B663,R110-C32
32,111,Y745,R111-C32
32,114,Y763,R114-C32
32,115,R513,R115-C32
32,117,Y781,R117-C32
32,119,B698,R119-C32
32,124,R544,R124-C32
33,1,B324,R1-C33
33,3,R125,R3-C33
33,7,B336,R7-C33
33,10,B350,R10-C33
33,12,R156,R12-C33
33,17,Y119,R17-C33
33,19,B383,R19-C33
33,20,Y137,R20-C33
33,22,B385,R22-C33
33,23,Y155,R23-C33
33,28,B411,R28-C33
33,30,R209,R30-C33
33,33,R218,R33-C33
33,34,B429,R34-C33
33,39,R239,R39-C33
33,40,B450,R40-C33
33,41,Y280,R41-C33
33,43,B462,R43-C33
33,44,Y298,R44-C33
33,45,R263,R45-C33
33,47,Y316,R47-C33
33,48,R274,R48-C33
33,50,Y334,R50-C33
33,51,R285,R51-C33
33,54,R295,R54-C33
33,55,B495,R55-C33
33,63,R326,R63-C33
33,64,B533,R64-C33
33,67,B535,R67-C33
33,68,Y459,R68-C33
33,69,R344,R69-C33
33,70,B545,R70-C33
33,71,Y477,R71-C33
33,72,R350,R72-C33
33,73,B559,R73-C33
33,74,Y495,R74-C33
33,76,B565,R76-C33
33,81,R379,R81-C33
33,87,R404,R87-C33
33,88,B608,R88-C33
33,90,R410,R90-C33
33,92,Y620,R92-C33
33,95,Y638,R95-C33
33,97,B635,R97-C33
33,98,Y656,R98-C33
33,100,B654,R100-C33
33,101,Y674,R101-C33
33,102,R455,R102-C33
33,103,B658,R103-C33
33,106,B665,R106-C33
33,108,R471,R108-C33
33,111,R478,R111-C33
33,112,B688,R112-C33
33,115,B703,R115-C33
33,117,R498,R117-C33
33,118,B707,R118-C33
33,119,Y799,R119-C33
33,120,R510,R120-C33
33,122,Y817,R122-C33
33,123,R522,R123-C33
33,125,Y835,R125-C33
33,126,R531,R126-C33
34,1,Y12,R1-C34
34,2,R99,R2-C34
34,3,B341,R3-C34
34,4,Y30,R4-C34
34,7,Y48,R7-C34
34,9,B360,R9-C34
34,17,R149,R17-C34
34,18,B392,R18-C34
34,23,R176,R23-C34
34,24,B412,R24-C34
34,25,Y173,R25-C34
34,26,R180,R26-C34
34,27,B419,R27-C34
34,28,Y191,R28-C34
34,31,Y209,R31-C34
34,34,Y227,R34-C34
34,35,R213,R35-C34
34,38,R222,R38-C34
34,39,B463,R39-C34
34,52,Y352,R52-C34
34,54,B509,R54-C34
34,55,Y370,R55-C34
34,56,R280,R56-C34
34,58,Y388,R58-C34
34,60,B531,R60-C34
34,62,R302,R62-C34
34,65,R309,R65-C34
34,71,R330,R71-C34
34,72,B572,R72-C34
34,74,R339,R74-C34
34,76,Y513,R76-C34
34,78,B590,R78-C34
34,79,Y531,R79-C34
34,80,R359,R80-C34
34,82,Y549,R82-C34
34,83,R373,R83-C34
34,85,Y567,R85-C34
34,86,R385,R86-C34
34,87,B621,R87-C34
34,93,B638,R93-C34
34,95,R417,R95-C34
34,101,R434,R101-C34
34,102,B670,R102-C34
34,103,Y692,R103-C34
34,105,B683,R105-C34
34,106,Y710,R106-C34
34,107,R450,R107-C34
34,109,Y728,R109-C34
34,114,B709,R114-C34
34,117,B718,R117-C34
34,120,B734,R120-C34
34,125,R514,R125-C34
35,2,B351,R2-C35
35,7,R101,R7-C35
35,9,Y66,R9-C35
35,10,R110,R10-C35
35,11,B386,R11-C35
35,12,Y84,R12-C35
35,13,R123,R13-C35
35,15,Y102,R15-C35
35,17,B403,R17-C35
35,25,R164,R25-C35
35,32,B455,R32-C35
35,34,R195,R34-C35
35,36,Y245,R36-C35
35,39,Y263,R39-C35
35,42,Y281,R42-C35
35,43,R220,R43-C35
35,46,R229,R46-C35
35,49,R244,R49-C35
35,50,B517,R50-C35
35,52,R249,R52-C35
35,58,R269,R58-C35
35,59,B541,R59-C35
35,60,Y406,R60-C35
35,62,B551,R62-C35
35,63,Y424,R63-C35
35,64,R292,R64-C35
35,65,B561,R65-C35
35,66,Y442,R66-C35
35,70,R312,R70-C35
35,73,R321,R73-C35
35,74,B591,R74-C35
35,76,R331,R76-C35
35,79,R346,R79-C35
35,82,R355,R82-C35
35,87,Y585,R87-C35
35,89,B645,R89-C35
35,90,Y603,R90-C35
35,92,B659,R92-C35
35,93,Y621,R93-C35
35,98,B677,R98-C35
35,103,R425,R103-C35
35,104,B696,R104-C35
35,106,R429,R106-C35
35,110,B715,R110-C35
35,111,Y746,R111-C35
35,113,B728,R113-C35
35,114,Y764,R114-C35
35,115,R462,R115-C35
35,117,Y782,R117-C35
35,119,B749,R119-C35
35,121,R486,R121-C35
35,122,B754,R122-C35
35,125,B765,R125-C35
36,3,R72,R3-C36
36,4,B374,R4-C36
36,6,R80,R6-C36
36,9,R91,R9-C36
36,10,B395,R10-C36
36,16,B420,R16-C36
36,17,Y120,R17-C36
36,18,R122,R18-C36
36,20,Y138,R20-C36
36,21,R136,R21-C36
36,23,Y156,R23-C36
36,24,R142,R24-C36
36,25,B448,R25-C36
36,26,Y174,R26-C36
36,27,R158,R27-C36
36,28,B457,R28-C36
36,30,R160,R30-C36
36,33,R170,R33-C36
36,34,B482,R34-C36
36,39,R194,R39-C36
36,42,R208,R42-C36
36,44,Y299,R44-C36
36,47,Y317,R47-C36
36,50,Y335,R50-C36
36,55,B547,R55-C36
36,58,B554,R58-C36
36,60,R264,R60-C36
36,66,R281,R66-C36
36,68,Y460,R68-C36
36,71,Y478,R71-C36
36,73,B611,R73-C36
36,74,Y496,R74-C36
36,77,Y514,R77-C36
36,81,R336,R81-C36
36,82,B640,R82-C36
36,84,R342,R84-C36
36,85,B651,R85-C36
36,88,B655,R88-C36
36,90,R362,R90-C36
36,95,Y639,R95-C36
36,97,B686,R97-C36
36,98,Y657,R98-C36
36,101,Y675,R101-C36
36,109,B729,R109-C36
36,111,R432,R111-C36
36,112,B736,R112-C36
36,118,B758,R118-C36
36,119,Y800,R119-C36
36,121,B770,R121-C36
36,122,Y818,R122-C36
36,124,B781,R124-C36
36,125,Y836,R125-C36
36,126,R484,R126-C36
37,1,Y13,R1-C37
37,4,Y31,R4-C37
37,5,R60,R5-C37
37,7,Y49,R7-C37
37,8,R78,R8-C37
37,10,Y67,R10-C37
37,11,R84,R11-C37
37,12,B425,R12-C37
37,14,R96,R14-C37
37,18,B442,R18-C37
37,20,R112,R20-C37
37,23,R126,R23-C37
37,26,R130,R26-C37
37,27,B475,R27-C37
37,28,Y192,R28-C37
37,31,Y210,R31-C37
37,32,R150,R32-C37
37,34,Y228,R34-C37
37,35,R163,R35-C37
37,41,R181,R41-C37
37,42,B518,R42-C37
37,45,B532,R45-C37
37,47,R200,R47-C37
37,52,Y353,R52-C37
37,55,Y371,R55-C37
37,57,B575,R57-C37
37,58,Y389,R58-C37
37,61,Y407,R61-C37
37,63,B594,R63-C37
37,66,B605,R66-C37
37,75,B628,R75-C37
37,77,R301,R77-C37
37,79,Y532,R79-C37
37,82,Y550,R82-C37
37,85,Y568,R85-C37
37,86,R337,R86-C37
37,87,B667,R87-C37
37,90,B682,R90-C37
37,93,B695,R93-C37
37,101,R382,R101-C37
37,103,Y693,R103-C37
37,105,B727,R105-C37
37,106,Y711,R106-C37
37,108,B745,R108-C37
37,109,Y729,R109-C37
37,110,R414,R110-C37
37,111,B747,R111-C37
37,112,Y747,R112-C37
37,113,R421,R113-C37
37,116,R436,R116-C37
37,117,B767,R117-C37
37,119,R441,R119-C37
37,120,B778,R120-C37
37,123,B790,R123-C37
37,125,R468,R125-C37
38,4,R46,R4-C38
38,5,B417,R5-C38
38,7,R54,R7-C38
38,11,B433,R11-C38
38,12,Y85,R12-C38
38,14,B444,R14-C38
38,15,Y103,R15-C38
38,18,Y121,R18-C38
38,25,R111,R25-C38
38,26,B486,R26-C38
38,31,R132,R31-C38
38,32,B503,R32-C38
38,34,R143,R34-C38
38,35,B516,R35-C38
38,36,Y246,R36-C38
38,38,B523,R38-C38
38,39,Y264,R39-C38
38,42,Y282,R42-C38
38,49,R196,R49-C38
38,50,B566,R50-C38
38,56,B580,R56-C38
38,58,R221,R58-C38
38,59,B596,R59-C38
38,62,B601,R62-C38
38,63,Y425,R63-C38
38,64,R248,R64-C38
38,65,B613,R65-C38
38,66,Y443,R66-C38
38,67,R259,R67-C38
38,68,B620,R68-C38
38,69,Y461,R69-C38
38,74,B647,R74-C38
38,77,B650,R77-C38
38,79,R299,R79-C38
38,85,R318,R85-C38
38,87,Y586,R87-C38
38,89,B693,R89-C38
38,90,Y604,R90-C38
38,92,B700,R92-C38
38,93,Y622,R93-C38
38,95,B710,R95-C38
38,97,R351,R97-C38
38,100,R363,R100-C38
38,101,B735,R101-C38
38,103,R371,R103-C38
38,104,B741,R104-C38
38,107,B751,R107-C38
38,110,B762,R110-C38
38,113,B771,R113-C38
38,114,Y765,R114-C38
38,115,R413,R115-C38
38,116,B780,R116-C38
38,117,Y783,R117-C38
38,119,B797,R119-C38
38,120,Y801,R120-C38
38,121,R439,R121-C38
38,122,B800,R122-C38
38,124,R448,R124-C38
38,125,B813,R125-C38
38,127,R452,R127-C38
39,2,Y14,R2-C39
39,3,R29,R3-C39
39,4,B424,R4-C39
39,6,R32,R6-C39
39,12,R53,R12-C39
39,13,B461,R13-C39
39,15,R68,R15-C39
39,18,R73,R18-C39
39,20,Y139,R20-C39
39,22,B490,R22-C39
39,23,Y157,R23-C39
39,24,R93,R24-C39
39,25,B498,R25-C39
39,26,Y175,R26-C39
39,30,R117,R30-C39
39,31,B521,R31-C39
39,37,B536,R37-C39
39,39,R147,R39-C39
39,44,Y300,R44-C39
39,45,R168,R45-C39
39,46,B563,R46-C39
39,47,Y318,R47-C39
39,48,R175,R48-C39
39,49,B576,R49-C39
39,50,Y336,R50-C39
39,51,R186,R51-C39
39,52,B582,R52-C39
39,53,Y354,R53-C39
39,54,R191,R54-C39
39,55,B597,R55-C39
39,57,R206,R57-C39
39,60,R211,R60-C39
39,64,B626,R64-C39
39,66,R240,R66-C39
39,70,B649,R70-C39
39,71,Y479,R71-C39
39,73,B653,R73-C39
39,74,Y497,R74-C39
39,77,Y515,R77-C39
39,79,B675,R79-C39
39,82,B691,R82-C39
39,84,R291,R84-C39
39,85,B701,R85-C39
39,90,R313,R90-C39
39,91,B714,R91-C39
39,95,Y640,R95-C39
39,97,B733,R97-C39
39,98,Y658,R98-C39
39,100,B750,R100-C39
39,101,Y676,R101-C39
39,102,R353,R102-C39
39,104,Y694,R104-C39
39,105,R369,R105-C39
39,106,B769,R106-C39
39,109,B772,R109-C39
39,115,B801,R115-C39
39,117,R403,R117-C39
39,118,B807,R118-C39
39,121,B817,R121-C39
39,122,Y819,R122-C39
39,124,B831,R124-C39
39,125,Y837,R125-C39
39,127,B839,R127-C39
40,2,R5,R2-C40
40,4,Y32,R4-C40
40,5,R17,R5-C40
40,6,B451,R6-C40
40,7,Y50,R7-C40
40,8,R24,R8-C40
40,10,Y68,R10-C40
40,11,R37,R11-C40
40,14,R44,R14-C40
40,20,R70,R20-C40
40,23,R77,R23-C40
40,26,R86,R26-C40
40,28,Y193,R28-C40
40,29,R97,R29-C40
40,31,Y211,R31-C40
40,34,Y229,R34-C40
40,35,R113,R35-C40
40,36,B546,R36-C40
40,37,Y247,R37-C40
40,38,R128,R38-C40
40,42,B567,R42-C40
40,44,R146,R44-C40
40,47,R153,R47-C40
40,50,R169,R50-C40
40,51,B598,R51-C40
40,53,R172,R53-C40
40,54,B610,R54-C40
40,55,Y372,R55-C40
40,56,R185,R56-C40
40,58,Y390,R58-C40
40,59,R193,R59-C40
40,61,Y408,R61-C40
40,62,R202,R62-C40
40,75,B678,R75-C40
40,77,R256,R77-C40
40,78,B685,R78-C40
40,79,Y533,R79-C40
40,81,B697,R81-C40
40,82,Y551,R82-C40
40,83,R279,R83-C40
40,84,B708,R84-C40
40,85,Y569,R85-C40
40,86,R286,R86-C40
40,88,Y587,R88-C40
40,90,B725,R90-C40
40,93,B738,R93-C40
40,99,B761,R99-C40
40,101,R333,R101-C40
40,106,Y712,R106-C40
40,107,R352,R107-C40
40,108,B786,R108-C40
40,109,Y730,R109-C40
40,110,R367,R110-C40
40,111,B795,R111-C40
40,112,Y748,R112-C40
40,114,B808,R114-C40
40,117,B816,R117-C40
40,126,B848,R126-C40
41,5,B464,R5-C41
41,7,R3,R7-C41
41,8,B471,R8-C41
41,10,R12,R10-C41
41,12,Y86,R12-C41
41,13,R28,R13-C41
41,15,Y104,R15-C41
41,18,Y122,R18-C41
41,22,R52,R22-C41
41,23,B526,R23-C41
41,28,R74,R28-C41
41,29,B538,R29-C41
41,31,R82,R31-C41
41,32,B550,R32-C41
41,37,R104,R37-C41
41,39,Y265,R39-C41
41,40,R120,R40-C41
41,42,Y283,R42-C41
41,44,B588,R44-C41
41,45,Y301,R45-C41
41,46,R135,R46-C41
41,49,R145,R49-C41
41,52,R155,R52-C41
41,53,B618,R53-C41
41,56,B634,R56-C41
41,59,B639,R59-C41
41,61,R183,R61-C41
41,63,Y426,R63-C41
41,64,R201,R64-C41
41,65,B661,R65-C41
41,66,Y444,R66-C41
41,68,B669,R68-C41
41,69,Y462,R69-C41
41,71,B679,R71-C41
41,74,B690,R74-C41
41,76,R232,R76-C41
41,77,B702,R77-C41
41,79,R243,R79-C41
41,80,B713,R80-C41
41,82,R255,R82-C41
41,83,B722,R83-C41
41,85,R265,R85-C41
41,88,R273,R88-C41
41,89,B739,R89-C41
41,90,Y605,R90-C41
41,91,R283,R91-C41
41,93,Y623,R93-C41
41,95,B759,R95-C41
41,96,Y641,R96-C41
41,97,R304,R97-C41
41,98,B775,R98-C41
41,100,R317,R100-C41
41,103,R325,R103-C41
41,104,B789,R104-C41
41,107,B798,R107-C41
41,109,R349,R109-C41
41,113,B826,R113-C41
41,114,Y766,R114-C41
41,115,R365,R115-C41
41,117,Y784,R117-C41
41,118,R372,R118-C41
41,119,B844,R119-C41
41,120,Y802,R120-C41
41,121,R388,R121-C41
41,124,R400,R124-C41
42,2,Y15,R2-C42
42,10,B497,R10-C42
42,12,R7,R12-C42
42,15,R14,R15-C42
42,18,R27,R18-C42
42,20,Y140,R20-C42
42,21,R39,R21-C42
42,23,Y158,R23-C42
42,24,R43,R24-C42
42,25,B542,R25-C42
42,26,Y176,R26-C42
42,27,R61,R27-C42
42,29,Y194,R29-C42
42,30,R63,R30-C42
42,36,R83,R36-C42
42,42,R105,R42-C42
42,46,B617,R46-C42
42,47,Y319,R47-C42
42,50,Y337,R50-C42
42,51,R138,R51-C42
42,53,Y355,R53-C42
42,54,R144,R54-C42
42,61,B662,R61-C42
42,63,R174,R63-C42
42,64,B674,R64-C42
42,66,R190,R66-C42
42,67,B681,R67-C42
42,71,Y480,R71-C42
42,74,Y498,R74-C42
42,75,R214,R75-C42
42,76,B711,R76-C42
42,77,Y516,R77-C42
42,78,R228,R78-C42
42,79,B723,R79-C42
42,80,Y534,R80-C42
42,81,R236,R81-C42
42,84,R247,R84-C42
42,85,B744,R85-C42
42,87,R257,R87-C42
42,88,B753,R88-C42
42,91,B763,R91-C42
42,97,B782,R97-C42
42,98,Y659,R98-C42
42,99,R297,R99-C42
42,101,Y677,R101-C42
42,103,B806,R103-C42
42,104,Y695,R104-C42
42,105,R320,R105-C42
42,106,B811,R106-C42
42,108,R323,R108-C42
42,109,B822,R109-C42
42,111,R334,R111-C42
42,112,B837,R112-C42
42,118,B851,R118-C42
42,122,Y820,R122-C42
42,125,Y838,R125-C42
43,4,Y33,R4-C43
43,7,Y51,R7-C43
43,10,Y69,R10-C43
43,13,Y87,R13-C43
43,20,R15,R20-C43
43,23,R30,R23-C43
43,24,B555,R24-C43
43,26,R33,R26-C43
43,29,R47,R29-C43
43,30,B577,R30-C43
43,31,Y212,R31-C43
43,32,R62,R32-C43
43,34,Y230,R34-C43
43,35,R64,R35-C43
43,37,Y248,R37-C43
43,41,R92,R41-C43
43,44,R94,R44-C43
43,45,B624,R45-C43
43,48,B637,R48-C43
43,50,R121,R50-C43
43,53,R124,R53-C43
43,54,B656,R54-C43
43,55,Y373,R55-C43
43,56,R134,R56-C43
43,57,B671,R57-C43
43,58,Y391,R58-C43
43,60,B676,R60-C43
43,61,Y409,R61-C43
43,64,Y427,R64-C43
43,66,B694,R66-C43
43,69,B706,R69-C43
43,71,R188,R71-C43
43,72,B716,R72-C43
43,75,B731,R75-C43
43,77,R205,R77-C43
43,82,Y552,R82-C43
43,83,R227,R83-C43
43,84,B755,R84-C43
43,85,Y570,R85-C43
43,86,R233,R86-C43
43,88,Y588,R88-C43
43,89,R246,R89-C43
43,92,R261,R92-C43
43,93,B792,R93-C43
43,95,R271,R95-C43
43,96,B796,R96-C43
43,98,R276,R98-C43
43,102,B819,R102-C43
43,104,R298,R104-C43
43,105,B825,R105-C43
43,106,Y713,R106-C43
43,107,R307,R107-C43
43,108,B834,R108-C43
43,109,Y731,R109-C43
43,112,Y749,R112-C43
43,113,R329,R113-C43
43,115,Y767,R115-C43
44,15,Y105,R15-C44
44,18,Y123,R18-C44
44,21,Y141,R21-C44
44,26,B583,R26-C44
44,28,R25,R28-C44
44,29,B587,R29-C44
44,31,R40,R31-C44
44,32,B604,R32-C44
44,34,R48,R34-C44
44,35,B607,R35-C44
44,38,B625,R38-C44
44,39,Y266,R39-C44
44,41,B633,R41-C44
44,42,Y284,R42-C44
44,44,B641,R44-C44
44,45,Y302,R45-C44
44,47,B648,R47-C44
44,52,R107,R52-C44
44,56,B684,R56-C44
44,59,B687,R59-C44
44,61,R141,R61-C44
44,66,Y445,R66-C44
44,68,B719,R68-C44
44,69,Y463,R69-C44
44,72,Y481,R72-C44
44,73,R178,R73-C44
44,83,B768,R83-C44
44,86,B777,R86-C44
44,88,R230,R88-C44
44,89,B793,R89-C44
44,90,Y606,R90-C44
44,91,R234,R91-C44
44,92,B805,R92-C44
44,93,Y624,R93-C44
44,95,B812,R95-C44
44,96,Y642,R96-C44
44,97,R254,R97-C44
44,100,R266,R100-C44
44,101,B827,R101-C44
44,106,R290,R106-C44
44,107,B847,R107-C44
44,117,Y785,R117-C44
44,120,Y803,R120-C44
44,123,Y821,R123-C44
45,2,Y16,R2-C45
45,5,Y34,R5-C45
45,23,Y159,R23-C45
45,24,R0,R24-C45
45,26,Y177,R26-C45
45,29,Y195,R29-C45
45,30,R18,R30-C45
45,33,R26,R33-C45
45,34,B619,R34-C45
45,36,R42,R36-C45
45,37,B629,R37-C45
45,39,R50,R39-C45
45,40,B646,R40-C45
45,42,R57,R42-C45
45,45,R66,R45-C45
45,46,B666,R46-C45
45,47,Y320,R47-C45
45,49,B672,R49-C45
45,50,Y338,R50-C45
45,51,R88,R51-C45
45,53,Y356,R53-C45
45,54,R103,R54-C45
45,55,B689,R55-C45
45,56,Y374,R56-C45
45,57,R108,R57-C45
45,58,B705,R58-C45
45,60,R115,R60-C45
45,63,R131,R63-C45
45,64,B721,R64-C45
45,70,B740,R70-C45
45,72,R154,R72-C45
45,74,Y499,R74-C45
45,75,R166,R75-C45
45,76,B764,R76-C45
45,77,Y517,R77-C45
45,78,R177,R78-C45
45,80,Y535,R80-C45
45,82,B783,R82-C45
45,85,B791,R85-C45
45,88,B803,R88-C45
45,90,R223,R90-C45
45,93,R231,R93-C45
45,94,B821,R94-C45
45,96,R235,R96-C45
45,97,B835,R97-C45
45,98,Y660,R98-C45
45,99,R245,R99-C45
45,100,B840,R100-C45
45,101,Y678,R101-C45
45,103,B849,R103-C45
45,104,Y696,R104-C45
45,105,R270,R105-C45
45,107,Y714,R107-C45
45,125,Y839,R125-C45
46,7,Y52,R7-C46
46,10,Y70,R10-C46
46,13,Y88,R13-C46
46,30,B623,R30-C46
46,31,Y213,R31-C46
46,32,R9,R32-C46
46,34,Y231,R34-C46
46,35,R16,R35-C46
46,37,Y249,R37-C46
46,40,Y267,R40-C46
46,41,R35,R41-C46
46,45,B673,R45-C46
46,47,R56,R47-C46
46,50,R65,R50-C46
46,53,R75,R53-C46
46,56,R85,R56-C46
46,58,Y392,R58-C46
46,59,R102,R59-C46
46,60,B730,R60-C46
46,61,Y410,R61-C46
46,63,B732,R63-C46
46,64,Y428,R64-C46
46,68,R129,R68-C46
46,69,B760,R69-C46
46,71,R140,R71-C46
46,74,R151,R74-C46
46,77,R162,R77-C46
46,78,B785,R78-C46
46,80,R167,R80-C46
46,82,Y553,R82-C46
46,85,Y571,R85-C46
46,87,B814,R87-C46
46,88,Y589,R88-C46
46,89,R199,R89-C46
46,91,Y607,R91-C46
46,92,R210,R92-C46
46,93,B838,R93-C46
46,95,R219,R95-C46
46,96,B842,R96-C46
46,98,R226,R98-C46
46,109,Y732,R109-C46
46,112,Y750,R112-C46
46,115,Y768,R115-C46
47,15,Y106,R15-C47
47,18,Y124,R18-C47
47,21,Y142,R21-C47
47,34,R4,R34-C47
47,37,R8,R37-C47
47,42,Y285,R42-C47
47,43,R31,R43-C47
47,44,B692,R44-C47
47,45,Y303,R45-C47
47,48,Y321,R48-C47
47,52,R55,R52-C47
47,53,B720,R53-C47
47,56,B726,R56-C47
47,58,R79,R58-C47
47,61,R90,R61-C47
47,62,B746,R62-C47
47,64,R95,R64-C47
47,65,B756,R65-C47
47,66,Y446,R66-C47
47,67,R106,R67-C47
47,69,Y464,R69-C47
47,70,R116,R70-C47
47,72,Y482,R72-C47
47,73,R133,R73-C47
47,76,R137,R76-C47
47,80,B809,R80-C47
47,82,R157,R82-C47
47,83,B820,R83-C47
47,85,R165,R85-C47
47,92,B845,R92-C47
47,93,Y625,R93-C47
47,96,Y643,R96-C47
47,99,Y661,R99-C47
47,117,Y786,R117-C47
47,120,Y804,R120-C47
47,123,Y822,R123-C47
48,2,Y17,R2-C48
48,5,Y35,R5-C48
48,23,Y160,R23-C48
48,26,Y178,R26-C48
48,29,Y196,R29-C48
48,32,Y214,R32-C48
48,42,R10,R42-C48
48,43,B699,R43-C48
48,45,R21,R45-C48
48,46,B712,R46-C48
48,49,B724,R49-C48
48,50,Y339,R50-C48
48,53,Y357,R53-C48
48,55,B743,R55-C48
48,56,Y375,R56-C48
48,58,B748,R58-C48
48,60,R69,R60-C48
48,63,R76,R63-C48
48,64,B773,R64-C48
48,67,B779,R67-C48
48,69,R100,R69-C48
48,70,B788,R70-C48
48,72,R114,R72-C48
48,73,B802,R73-C48
48,74,Y500,R74-C48
48,75,R118,R75-C48
48,76,B810,R76-C48
48,77,Y518,R77-C48
48,78,R127,R78-C48
48,79,B823,R79-C48
48,80,Y536,R80-C48
48,82,B832,R82-C48
48,83,Y554,R83-C48
48,88,B852,R88-C48
48,90,R171,R90-C48
48,101,Y679,R101-C48
48,104,Y697,R104-C48
48,107,Y715,R107-C48
48,125,Y840,R125-C48
49,7,Y53,R7-C49
49,10,Y71,R10-C49
49,13,Y89,R13-C49
49,16,Y107,R16-C49
49,34,Y232,R34-C49
49,37,Y250,R37-C49
49,40,Y268,R40-C49
49,42,B717,R42-C49
49,47,R13,R47-C49
49,48,B737,R48-C49
49,50,R23,R50-C49
49,51,B742,R51-C49
49,53,R34,R53-C49
49,54,B752,R54-C49
49,56,R41,R56-C49
49,58,Y393,R58-C49
49,59,R49,R59-C49
49,60,B774,R60-C49
49,61,Y411,R61-C49
49,62,R59,R62-C49
49,63,B784,R63-C49
49,64,Y429,R64-C49
49,67,Y447,R67-C49
49,68,R81,R68-C49
49,71,R87,R71-C49
49,75,B828,R75-C49
49,77,R109,R77-C49
49,78,B833,R78-C49
49,80,R119,R80-C49
49,85,Y572,R85-C49
49,88,Y590,R88-C49
49,91,Y608,R91-C49
49,109,Y733,R109-C49
49,112,Y751,R112-C49
49,115,Y769,R115-C49
49,118,Y787,R118-C49
50,18,Y125,R18-C50
50,21,Y143,R21-C50
50,24,Y161,R24-C50
50,42,Y286,R42-C50
50,45,Y304,R45-C50
50,48,Y322,R48-C50
50,49,R1,R49-C50
50,50,B757,R50-C50
50,53,B766,R53-C50
50,55,R19,R55-C50
50,56,B776,R56-C50
50,59,B787,R59-C50
50,61,R38,R61-C50
50,62,B794,R62-C50
50,64,R51,R64-C50
50,65,B804,R65-C50
50,67,R58,R67-C50
50,69,Y465,R69-C50
50,70,R67,R70-C50
50,71,B824,R71-C50
50,72,Y483,R72-C50
50,74,B836,R74-C50
50,75,Y501,R75-C50
50,76,R89,R76-C50
50,79,R98,R79-C50
50,93,Y626,R93-C50
50,96,Y644,R96-C50
50,99,Y662,R99-C50
50,120,Y805,R120-C50
50,123,Y823,R123-C50
50,126,Y841,R126-C50
51,2,Y18,R2-C51
51,5,Y36,R5-C51
51,8,Y54,R8-C51
51,26,Y179,R26-C51
51,29,Y197,R29-C51
51,32,Y215,R32-C51
51,50,Y340,R50-C51
51,53,Y358,R53-C51
51,56,Y376,R56-C51
51,58,B799,R58-C51
51,59,Y394,R59-C51
51,60,R22,R60-C51
51,61,B815,R61-C51
51,64,B818,R64-C51
51,67,B829,R67-C51
51,70,B841,R70-C51
51,73,B846,R73-C51
51,75,R71,R75-C51
51,77,Y519,R77-C51
51,80,Y537,R80-C51
51,83,Y555,R83-C51
51,101,Y680,R101-C51
51,104,Y698,R104-C51
51,107,Y716,R107-C51
51,110,Y734,R110-C51
52,59,R2,R59-C52
52,62,R11,R62-C52
52,63,B830,R63-C52
52,65,R20,R65-C52
52,66,B843,R66-C52
52,68,R36,R68-C52
52,71,R45,R71-C52
53,62,B850,R62-C53
53,64,R6,R64-C53
53,65,B853,R65-C53
