Row,Col,PPReg
79,9,64
81,10,64
64,9,64
42,7,153
44,5,158
54,4,64
48,4,157
36,7,64
51,4,64
43,6,153
49,6,157
76,6,64
53,5,153
79,6,155
50,5,157
57,4,159
68,2,155
59,2,155
8,20,170
4,21,173
11,14,152
12,19,169
8,14,152
15,13,169
14,11,156
11,20,156
10,12,156
6,13,64
10,21,64
34,15,156
18,19,171
17,11,64
22,12,156
13,12,173
2,20,64
44,17,64
12,22,64
3,19,64
1,24,64
24,16,64
19,12,171
25,21,64
29,8,171
38,14,175
26,17,171
33,19,64
10,24,64
30,10,171
23,11,154
50,14,64
41,8,175
33,7,175
37,9,154
16,12,64
43,15,64
44,14,64
32,8,175
36,13,64
41,11,64
31,9,175
68,8,154
34,9,175
60,10,154
28,9,158
76,9,171
74,11,64
40,6,64
19,18,169
22,18,173
21,22,64
1,21,64
21,19,64
4,18,64
49,15,64
11,17,64
58,9,64
82,6,64
81,7,186
80,5,64
75,7,64
64,6,64
17,23,64
17,20,64
13,21,64
30,19,64
53,14,64
33,16,64
59,8,64
85,6,64
23,20,64
56,14,64
43,9,64
70,6,64
67,9,64
61,6,64
21,16,64
40,18,64
28,18,64
1,18,186
59,14,64
13,15,64
55,12,64
57,7,64
9,25,64
3,25,64
80,8,64
37,18,64
8,17,64
22,21,64
62,14,64
25,15,64
84,7,64
61,3,64
94,9,158
106,12,64
64,4,64
113,29,64
19,30,169
54,28,152
2,35,175
30,28,173
28,33,154
20,32,173
18,25,152
17,32,64
34,30,171
12,31,157
26,32,171
29,32,64
40,30,64
9,34,64
15,28,64
42,28,156
33,31,154
34,27,158
50,26,64
81,22,175
53,20,173
3,28,64
49,24,156
13,27,64
4,27,154
66,25,173
17,29,64
10,36,156
42,31,153
30,22,64
28,24,64
44,29,64
63,25,64
58,27,156
25,24,64
27,28,156
51,28,64
74,17,156
84,19,64
54,22,64
32,23,64
61,24,64
67,21,64
29,23,64
88,21,64
105,16,64
102,19,64
43,27,64
68,23,157
88,15,159
59,17,64
88,18,64
55,18,153
87,19,64
70,18,154
50,17,64
92,11,64
64,18,158
83,14,64
92,14,64
86,14,64
76,18,154
85,18,64
105,10,64
93,13,64
79,12,64
104,14,64
88,12,64
90,10,64
99,10,64
10,33,171
15,31,64
27,34,159
3,34,175
22,33,64
17,35,64
7,30,64
45,28,175
22,30,64
77,23,64
48,22,64
40,27,184
44,26,64
41,29,64
10,27,64
2,32,64
56,23,64
40,21,64
28,21,64
83,20,64
65,14,64
95,14,64
77,20,64
37,24,64
69,16,64
69,22,64
93,16,64
54,16,64
68,17,64
80,14,64
77,11,64
103,18,64
35,20,159
84,10,64
99,13,64
95,11,64
109,12,64
98,8,159
95,8,64
92,8,64
100,9,64
1,33,173
47,26,154
55,27,64
39,28,64
12,25,157
2,29,64
33,25,64
23,23,64
73,24,175
18,28,64
36,31,64
64,21,157
65,17,64
98,17,64
80,20,64
102,10,175
74,20,64
61,18,158
89,17,156
112,15,64
83,17,64
85,15,153
73,15,64
60,16,175
103,15,64
103,9,64
61,15,64
85,12,64
118,12,175
19,33,174
5,38,64
18,34,64
11,29,64
14,26,155
59,26,188
31,30,64
38,26,64
55,21,64
73,18,64
99,16,64
72,13,64
101,11,64
86,11,64
105,13,64
11,32,64
11,35,175
24,28,64
12,37,64
49,21,64
53,17,64
47,29,64
76,24,64
37,21,64
62,20,64
49,18,64
64,15,153
78,16,64
76,15,64
89,11,64
100,12,64
57,28,173
9,28,156
18,31,64
60,19,64
85,21,64
58,15,64
88,9,64
68,26,64
28,27,156
95,17,64
58,21,156
61,21,64
97,18,64
75,13,64
46,21,173
26,26,64
53,23,64
124,18,175
122,17,158
112,18,64
125,17,154
32,38,152
27,37,174
31,39,174
22,39,174
13,39,174
73,30,174
69,31,174
56,32,152
54,34,169
26,38,169
64,30,156
78,34,152
60,31,169
25,39,152
34,36,156
66,31,152
32,41,64
61,30,169
30,43,64
8,41,156
62,35,64
39,34,152
77,29,173
59,38,64
10,42,156
56,38,64
50,35,64
35,38,64
32,44,64
89,32,64
93,25,169
95,26,152
53,32,173
5,41,173
75,28,156
48,31,152
24,43,64
95,32,64
38,38,158
6,40,64
56,29,64
75,37,64
45,31,64
68,38,64
84,28,173
51,31,173
42,37,64
48,43,64
103,24,173
54,31,173
50,32,156
88,33,64
120,25,64
60,34,64
94,30,64
117,22,64
102,25,64
77,32,64
80,32,64
70,30,171
104,29,64
25,42,64
87,22,64
82,27,171
66,28,175
87,28,64
97,30,64
111,25,64
25,36,64
44,32,64
86,26,173
104,23,156
93,31,64
100,30,64
81,25,64
118,27,64
111,28,64
91,27,156
120,28,64
88,30,64
102,28,64
95,23,156
34,33,64
107,23,171
69,28,171
104,20,64
126,25,64
97,24,154
101,23,156
76,30,153
116,26,64
111,22,171
116,20,156
114,22,171
84,25,175
108,22,171
70,27,64
92,23,171
122,20,171
112,21,154
94,21,154
106,21,171
117,19,171
102,22,154
113,20,154
115,21,175
126,19,175
127,18,154
114,19,154
26,44,64
55,33,173
23,41,175
55,39,64
53,41,64
36,40,64
14,38,64
64,39,175
43,33,173
46,42,64
101,29,64
32,35,64
66,37,64
55,36,64
73,33,64
37,39,64
67,33,64
82,36,64
114,25,64
53,29,64
75,25,64
28,36,64
107,29,64
94,27,64
106,30,64
117,25,64
85,24,64
105,19,64
29,44,64
44,41,64
91,30,64
38,44,64
64,33,152
37,45,64
59,35,64
74,35,64
57,37,64
87,34,64
51,40,64
99,31,64
110,26,64
109,30,64
78,25,64
114,28,64
116,23,64
109,24,64
108,25,64
67,27,64
58,36,64
83,29,64
50,38,64
92,29,64
59,41,64
90,31,64
92,32,64
46,39,64
96,28,64
76,33,64
101,26,64
98,20,64
96,22,64
11,38,64
52,39,64
35,44,64
65,38,64
41,44,64
103,27,64
42,40,64
123,22,64
93,34,64
119,23,64
60,28,64
97,33,64
72,34,64
73,36,64
124,24,64
54,40,64
124,27,64
40,33,64
109,18,64
124,21,64
107,26,64
107,44,64
105,43,64
88,48,64
92,44,64
113,41,64
64,48,153
51,49,64
68,44,169
121,39,64
71,41,169
48,49,64
40,45,152
85,42,64
60,43,64
88,42,64
86,44,64
100,39,64
99,40,173
89,38,64
93,46,64
73,48,64
93,40,64
44,44,173
55,48,64
74,50,64
77,38,171
95,38,64
102,34,64
100,33,64
95,41,64
42,49,64
53,47,64
119,32,159
46,45,158
60,46,64
90,40,154
70,39,175
74,38,64
45,46,173
101,38,64
72,43,64
119,38,64
91,39,64
84,43,156
107,38,64
54,43,64
114,34,64
60,49,64
76,45,64
97,36,64
44,47,64
67,42,64
125,35,64
113,35,64
111,37,64
79,39,64
126,28,64
122,29,175
127,27,64
122,35,64
112,33,64
119,35,156
96,43,174
108,43,64
43,48,171
103,45,64
101,44,64
66,43,64
65,41,64
108,40,64
126,40,64
65,53,64
92,35,175
70,48,64
78,46,155
82,48,64
68,41,64
80,41,64
108,37,64
120,34,64
112,42,64
107,41,64
62,50,64
98,35,64
47,44,171
117,34,173
120,31,173
109,39,64
70,51,64
79,42,64
59,44,173
83,41,173
89,35,154
64,45,175
125,38,64
73,39,64
103,33,171
59,50,173
87,37,64
58,45,171
70,45,175
49,45,169
100,45,64
74,41,64
106,39,154
110,38,64
73,51,64
89,41,64
104,38,188
75,43,154
97,39,64
83,44,64
93,37,64
65,47,156
82,39,64
64,42,64
83,47,64
117,40,64
106,42,64
118,42,64
56,44,171
105,34,64
104,32,154
76,48,64
116,38,64
108,31,175
78,40,64
49,48,174
111,40,174
64,51,64
93,43,64
54,49,64
120,37,174
56,50,169
67,48,64
97,45,64
69,43,64
53,50,64
64,35,174
111,31,64
88,36,171
124,36,64
118,39,175
63,49,64
81,40,155
124,39,64
112,36,64
110,35,175
58,48,158
77,41,64
85,45,64
46,48,64
115,33,64
56,47,175
61,51,64
121,30,64
57,43,173
66,52,64
126,31,64
118,36,64
63,52,64
94,45,64
55,45,64
113,38,64
87,46,64
92,38,64
75,40,64
88,45,64
67,51,64
109,42,64
89,44,64
69,46,64
106,33,64
118,30,64
110,32,64
85,36,188
102,43,64
65,50,174
90,37,64
77,46,174
70,50,174
53,46,64
75,48,64
51,45,174
71,52,64
68,49,64
63,42,158
47,46,174
52,44,169
30,45,64
50,49,64
53,49,64
79,50,175
72,45,171
32,43,175
30,42,64
61,41,171
65,52,64
89,46,173
64,47,159
59,52,64
47,40,152
41,43,173
61,44,64
50,46,64
24,39,64
39,36,64
57,45,64
78,45,64
72,48,152
14,37,64
9,36,64
63,45,64
44,43,64
45,39,64
15,39,64
35,37,64
71,43,173
34,44,64
54,42,175
5,40,64
24,36,173
34,35,175
56,43,64
26,37,155
56,40,64
12,39,64
10,35,64
68,52,64
73,44,64
76,47,155
56,46,175
64,41,156
42,42,156
2,28,64
35,40,173
46,41,159
13,35,64
29,43,64
53,43,64
37,41,173
41,37,64
12,30,64
10,32,64
4,38,156
7,32,158
49,38,64
77,49,171
18,36,64
13,32,64
3,33,64
20,40,64
20,37,64
28,41,64
52,41,64
6,30,171
20,31,64
25,35,171
68,46,156
63,48,64
60,45,173
92,46,174
59,46,169
64,50,64
8,37,152
42,36,154
61,50,64
34,38,152
75,51,64
71,46,152
75,45,64
62,49,64
38,40,158
90,48,169
36,45,174
8,40,64
50,43,158
62,40,64
60,39,152
80,49,171
57,39,175
60,51,64
62,52,64
67,47,158
34,47,64
6,39,64
55,50,64
5,31,64
59,40,171
76,50,64
15,42,64
31,44,64
13,41,64
4,32,64
43,47,64
47,37,171
4,29,153
14,31,173
50,40,64
7,35,64
17,31,64
44,40,64
19,32,64
17,34,64
51,42,64
30,39,154
23,40,64
51,39,175
32,46,64
66,42,64
22,41,158
45,45,154
26,34,64
33,45,64
41,46,64
77,43,152
69,48,153
49,41,64
45,48,64
31,41,64
78,48,64
73,47,64
82,47,159
74,46,64
80,46,64
40,41,173
42,45,64
39,39,155
5,28,64
33,36,158
22,32,64
23,34,64
7,41,64
59,49,64
5,37,64
27,36,64
26,43,64
25,38,64
12,33,175
21,42,64
24,42,64
27,42,64
29,40,64
53,40,64
47,49,64
35,46,64
11,37,64
11,31,64
2,34,64
23,43,64
56,49,64
20,43,64
67,50,64
16,32,156
7,38,64
70,47,64
26,40,64
54,45,64
36,42,156
85,47,159
11,40,64
32,37,155
64,53,64
21,36,64
35,43,64
31,38,64
30,36,64
12,42,64
54,39,154
39,45,64
48,39,64
10,41,64
23,37,64
14,40,64
28,44,64
30,33,173
2,31,64
58,47,169
18,39,64
64,46,156
35,28,158
83,43,64
86,37,173
95,43,64
107,43,64
104,43,152
113,43,173
88,44,171
24,30,169
56,34,174
115,41,174
113,37,174
105,39,169
79,41,158
110,40,174
98,43,64
96,45,169
75,42,169
81,36,171
110,37,175
106,44,64
90,33,64
88,41,64
69,33,64
93,45,152
87,42,154
115,38,64
63,33,64
98,46,64
64,38,158
41,28,64
78,42,152
45,33,158
41,31,159
66,36,64
90,39,173
79,38,173
99,45,175
117,39,157
89,43,173
62,34,154
86,40,64
84,42,155
103,41,64
97,44,171
86,43,155
101,37,158
65,31,173
51,33,64
13,23,154
43,35,64
84,39,156
83,40,171
21,27,64
73,35,64
42,30,64
84,36,171
83,31,64
46,35,171
62,28,171
33,30,64
68,28,154
87,33,64
90,36,64
54,33,154
100,38,171
28,32,64
72,33,159
30,30,64
35,31,64
17,25,64
124,41,153
79,32,153
56,28,158
74,31,171
3,27,64
49,35,157
17,28,171
76,41,157
47,31,64
4,23,64
34,32,64
59,28,173
49,29,64
54,27,171
60,36,157
19,29,171
69,30,64
83,34,171
33,33,158
36,30,173
49,26,154
12,27,64
70,32,153
41,25,175
50,31,64
24,24,64
15,27,64
50,28,64
39,27,64
14,28,64
7,26,171
57,27,173
43,23,155
39,24,171
33,21,156
3,24,64
1,20,158
35,22,175
31,23,171
10,20,64
4,20,154
38,22,154
1,14,64
13,17,64
25,23,171
8,19,153
20,19,64
3,15,153
1,17,175
107,40,152
82,41,169
91,44,158
118,41,64
100,41,158
90,45,64
86,34,64
77,40,173
105,45,64
101,40,175
71,34,64
121,41,171
58,35,64
99,42,173
18,24,64
81,33,156
65,34,64
67,38,64
12,24,64
102,39,171
95,34,154
74,34,175
70,35,64
23,28,154
103,35,156
14,25,64
67,32,175
52,35,64
73,32,171
19,26,64
37,29,173
44,31,64
15,30,64
85,41,156
70,29,64
43,29,64
38,25,157
68,31,64
42,24,64
11,16,171
37,32,156
52,32,64
16,23,171
45,24,157
48,24,64
24,21,171
12,18,64
6,24,175
9,18,158
19,20,64
92,43,169
111,42,152
108,42,64
80,34,64
35,34,64
91,41,64
81,42,171
85,38,175
105,42,156
58,38,171
23,31,64
32,22,64
79,35,64
103,38,64
32,25,64
97,41,156
82,35,64
17,22,171
39,33,64
8,22,64
95,46,64
109,41,153
71,31,64
9,24,173
8,28,171
46,29,156
51,27,64
38,34,175
45,27,169
48,33,175
76,35,173
66,39,171
57,30,154
29,22,175
25,20,64
97,38,175
100,44,173
56,3,64
9,15,64
77,37,153
34,26,64
23,25,64
64,43,170
60,27,154
20,25,64
39,15,153
47,10,158
33,9,158
52,14,157
34,11,157
33,12,155
22,11,155
110,25,174
109,29,170
108,27,170
116,31,169
119,28,174
124,26,170
110,28,152
124,29,174
126,33,169
126,36,171
116,37,64
92,25,152
71,28,64
101,28,152
101,34,64
110,31,173
120,30,154
121,35,64
114,30,156
117,33,152
96,21,154
104,31,156
124,38,64
108,33,171
111,33,173
99,21,64
96,27,175
115,32,173
127,38,64
120,33,153
111,30,156
102,33,173
123,33,64
124,32,64
96,30,154
116,25,175
127,29,173
109,32,64
87,21,156
108,24,171
126,30,64
95,22,173
101,22,154
99,30,171
107,31,64
125,37,171
102,24,64
80,28,64
123,27,64
100,23,64
86,19,156
94,29,64
55,23,64
95,28,64
74,22,157
65,19,158
84,24,171
100,32,171
61,26,64
98,28,175
118,29,171
35,19,64
104,25,154
78,24,64
31,17,64
72,24,64
98,25,173
42,21,64
36,15,171
86,25,64
61,23,64
106,26,171
111,27,64
44,22,64
63,24,64
97,23,64
60,21,64
59,25,64
111,24,64
121,26,175
47,22,64
36,21,64
21,15,64
62,16,64
37,20,64
15,12,64
84,18,171
40,20,64
79,26,64
67,20,64
103,23,175
51,18,64
78,21,64
53,19,64
38,19,64
94,23,64
91,20,171
8,13,64
66,18,64
60,18,153
46,20,64
50,16,64
47,19,64
68,19,64
57,15,64
6,15,64
24,15,64
49,14,64
57,21,64
80,19,64
45,15,64
50,13,64
79,17,64
79,20,64
9,12,64
17,16,64
74,16,64
49,17,171
58,17,171
51,15,64
25,14,64
59,16,64
55,14,64
48,15,153
66,15,64
23,13,64
75,18,64
26,13,64
47,16,158
76,23,154
73,17,175
26,10,64
54,18,154
24,9,64
63,18,154
25,11,64
38,10,64
30,12,64
64,14,175
61,14,64
59,13,175
106,14,64
105,27,174
98,22,173
115,35,171
119,37,171
90,30,173
107,34,171
121,38,64
106,35,64
69,18,64
70,26,64
113,25,64
32,19,64
89,22,64
93,30,64
118,26,64
93,21,64
85,29,64
35,16,64
39,18,64
31,14,64
48,18,64
49,20,64
12,12,64
50,19,64
28,17,64
25,17,64
51,21,64
71,19,64
53,16,64
41,13,64
15,15,64
64,17,156
30,15,64
20,10,64
66,21,175
37,11,64
54,12,64
125,34,171
117,27,64
24,18,64
97,26,171
27,15,64
88,20,64
14,13,64
42,15,64
10,14,64
111,36,64
54,24,64
88,29,64
56,22,64
62,19,64
82,26,64
117,30,64
76,26,64
89,25,64
88,23,64
85,20,64
72,18,64
108,30,64
38,16,64
19,17,64
22,17,64
40,17,64
107,25,64
65,13,158
70,11,175
50,10,158
87,9,64
75,9,64
84,9,154
79,11,155
64,8,153
52,11,153
73,14,158
78,9,153
61,11,158
62,10,153
83,10,158
80,10,157
73,8,64
67,5,175
65,10,153
73,11,158
51,9,153
35,7,157
66,9,153
63,12,153
77,7,64
54,9,153
56,7,155
38,7,64
37,8,157
61,8,155
47,7,157
49,8,157
55,8,157
39,6,155
62,7,155
54,6,157
51,6,159
46,5,155
66,6,64
53,4,64
48,6,157
49,5,157
59,7,155
43,5,155
59,4,64
60,6,155
58,5,159
55,5,155
63,3,64
8,6,175
13,1,153
25,16,64
21,2,64
27,8,158
29,9,153
19,4,157
16,4,64
29,6,157
29,3,155
26,3,157
29,45,170
29,51,170
29,48,170
29,42,169
28,40,174
18,47,64
28,31,171
15,38,156
2,45,173
27,20,174
18,44,173
23,33,174
31,46,169
26,42,156
18,38,173
23,36,156
23,39,169
5,51,171
2,39,171
8,51,64
17,24,156
4,37,64
7,40,173
30,26,173
7,37,156
10,49,64
31,37,169
23,42,64
21,44,64
26,45,171
12,29,152
15,35,171
2,48,64
21,50,156
18,41,171
20,30,156
24,50,154
12,35,173
31,40,171
15,41,171
28,34,171
10,37,64
17,30,64
5,45,64
31,28,173
13,49,154
31,43,173
4,40,64
10,46,154
11,18,156
12,26,171
9,26,156
14,18,154
17,18,171
10,43,173
3,14,154
18,50,64
12,32,171
14,24,173
31,34,154
13,46,171
5,48,64
7,34,64
7,43,173
14,27,173
25,25,64
10,40,64
4,28,173
17,27,64
1,34,173
12,38,171
20,36,64
4,34,154
22,25,154
6,17,64
3,20,64
9,23,64
23,30,154
25,22,171
1,28,173
1,22,173
1,25,173
6,26,64
9,32,175
28,25,173
6,20,154
30,17,154
20,24,175
4,31,171
31,31,175
6,23,64
20,27,171
19,22,64
15,32,64
22,28,154
19,19,64
11,12,154
30,23,171
19,13,175
3,17,64
17,21,64
14,12,175
9,20,171
8,9,171
27,17,175
6,14,171
3,11,64
16,10,171
14,15,64
25,19,171
22,19,171
14,21,64
27,14,171
11,15,64
30,14,64
24,5,154
11,6,64
3,8,171
5,6,64
16,13,175
27,11,171
16,7,171
19,7,64
19,10,153
24,8,64
27,5,175
30,11,175
13,4,153
24,2,64
21,5,184
21,47,64
26,39,64
15,44,152
25,28,64
25,34,154
28,22,171
16,49,64
2,51,64
7,46,64
7,49,64
13,43,64
6,29,173
1,31,64
26,36,64
30,20,64
22,22,171
19,16,64
22,16,175
1,19,64
22,13,64
11,9,64
22,10,64
16,1,64
20,33,173
28,28,169
26,48,64
9,29,64
5,3,64
20,42,174
2,42,64
28,37,64
21,8,64
8,3,64
24,11,64
25,31,64
15,47,64
26,51,64
46,13,155
51,8,158
54,8,64
43,13,175
59,6,153
40,7,64
59,9,64
38,12,64
40,4,64
40,1,175
35,3,64
51,2,64
49,13,153
37,4,64
62,6,64
48,11,157
40,10,157
43,10,157
37,1,64
32,3,155
46,7,157
43,7,155
48,5,159
45,5,159
34,1,159
43,4,64
48,2,159
32,51,139
45,47,143
42,38,143
48,50,172
47,45,170
45,50,170
44,39,170
47,42,171
48,47,156
34,40,174
45,44,169
47,39,170
45,41,156
44,33,170
47,30,169
34,37,174
42,35,170
34,46,174
47,33,174
34,43,154
47,36,173
44,30,169
33,32,152
47,27,174
41,30,152
53,45,173
56,51,173
38,24,174
44,27,174
41,27,174
44,24,169
50,39,154
32,48,152
33,23,171
36,29,152
56,48,152
59,51,156
37,49,175
39,38,64
58,40,152
40,49,171
61,46,173
61,49,169
50,36,64
39,35,173
41,21,171
63,35,169
37,40,156
39,44,64
56,45,173
53,39,175
63,32,156
55,34,169
34,34,64
53,48,64
40,46,64
37,43,173
36,35,156
61,43,173
36,38,171
61,37,64
50,33,64
34,49,64
61,40,173
58,37,173
38,21,64
60,26,171
41,24,169
55,28,173
33,20,173
33,26,175
39,29,173
63,29,64
33,29,64
55,37,158
60,32,64
52,34,64
55,31,153
39,32,171
49,28,64
46,22,156
52,28,171
60,29,64
63,26,171
57,20,171
60,23,171
52,25,171
36,23,171
35,21,64
46,19,171
38,15,154
60,20,173
58,34,175
36,32,154
33,17,64
36,26,171
52,22,64
49,22,171
43,19,171
58,31,64
49,19,154
38,18,154
35,15,154
62,12,154
35,18,64
44,21,171
51,14,64
49,16,64
35,9,154
54,14,154
38,9,171
57,14,153
43,16,175
54,11,171
37,7,64
32,6,64
51,11,64
32,9,64
46,10,171
62,15,64
41,15,175
35,6,171
46,16,154
51,5,64
59,12,64
42,41,143
42,50,156
37,46,173
50,42,64
57,26,64
39,41,64
42,47,171
52,19,64
41,18,171
57,17,171
35,12,171
56,6,64
53,51,169
63,38,64
55,40,64
50,51,64
55,25,64
57,23,175
54,20,64
54,17,64
62,9,64
48,8,64
50,45,173
58,43,64
42,44,156
49,25,64
62,18,64
53,42,64
58,46,64
86,9,158
81,11,175
67,7,154
86,12,64
94,7,64
94,10,175
80,3,157
70,7,64
78,5,64
67,4,154
83,6,64
83,3,158
86,3,158
75,5,157
64,1,64
75,2,64
91,1,64
67,1,64
80,48,152
77,42,156
93,41,156
69,44,156
75,50,171
77,48,64
77,45,169
83,51,169
72,44,173
93,50,64
82,46,64
74,48,64
66,47,64
71,36,173
82,34,169
69,47,169
69,41,173
74,36,156
88,43,169
69,50,156
83,48,152
80,45,171
88,46,156
66,38,173
71,30,171
66,41,64
80,51,173
82,43,64
77,39,173
71,33,173
87,29,154
90,38,169
93,44,173
87,35,173
85,37,64
64,49,173
93,38,173
87,32,169
85,46,158
72,50,156
71,42,64
91,46,64
93,47,154
82,37,156
66,32,156
82,40,173
95,33,173
66,35,173
93,35,173
92,27,156
74,30,171
68,24,171
82,31,173
88,49,173
95,27,171
68,30,156
74,45,64
90,35,171
71,27,156
80,42,154
77,36,173
69,38,173
79,34,173
85,40,156
90,32,173
95,30,175
74,33,175
84,26,64
85,49,171
84,23,156
92,21,156
85,43,156
84,29,173
68,36,64
92,30,64
76,28,173
74,39,156
65,18,171
90,29,175
76,31,64
79,28,173
79,31,175
92,24,171
68,21,156
68,27,156
81,26,64
65,24,173
79,25,173
76,25,171
71,24,64
81,23,171
89,21,64
95,24,64
73,22,171
89,18,171
95,21,64
70,19,64
87,23,171
92,15,171
76,19,171
92,18,171
73,19,171
79,22,64
84,17,171
87,26,171
81,17,175
89,15,175
70,13,64
76,22,154
84,20,171
86,15,154
68,18,64
65,15,64
81,20,64
78,11,154
73,16,175
73,13,64
65,12,175
75,11,64
89,9,171
89,12,64
83,9,64
81,14,175
70,10,64
78,8,64
72,47,169
90,41,175
88,40,64
92,33,64
87,38,64
65,21,171
78,17,173
94,13,64
67,10,64
76,16,64
70,16,64
75,8,64
91,4,64
91,7,64
94,4,64
66,44,169
91,49,169
67,49,64
77,51,64
71,39,64
85,34,171
89,27,64
65,30,64
68,33,64
94,16,64
91,10,64
74,42,169
73,25,64
90,44,64
57,25,64
110,22,64
82,28,64
78,14,64
86,6,64
95,36,64
73,10,64
110,6,153
102,8,175
126,5,175
121,10,157
102,5,64
116,15,153
121,7,64
107,6,64
104,6,64
110,3,64
126,2,64
102,2,64
99,2,158
96,2,64
107,3,64
123,2,64
118,13,153
116,12,157
118,10,157
115,10,155
120,2,64
118,7,155
115,7,155
121,4,159
115,4,155
118,1,64
118,4,64
115,1,64
66,4,64
120,47,139
115,49,139
115,43,139
112,49,172
112,43,152
115,46,143
114,38,143
117,41,174
117,44,143
118,49,143
117,47,170
114,41,172
114,35,172
120,44,143
117,38,170
120,41,174
119,36,170
117,35,170
117,32,170
120,38,169
119,27,170
116,30,169
116,27,169
114,32,174
96,47,152
104,45,173
107,51,156
110,51,173
123,50,173
107,45,174
101,45,64
98,33,154
104,48,64
99,47,152
126,50,152
116,24,156
101,39,156
96,44,173
101,42,173
109,43,64
96,50,173
125,36,171
112,46,152
125,39,173
107,48,173
119,24,156
122,30,156
104,39,156
125,33,171
96,41,173
123,44,173
109,34,173
106,40,64
112,40,173
122,33,171
104,42,156
98,39,64
99,50,173
109,37,173
104,51,157
111,32,173
122,39,64
116,21,173
119,30,156
125,30,173
109,40,156
98,27,171
114,29,156
106,34,173
119,21,173
98,30,173
103,37,64
123,47,173
122,27,173
100,28,64
101,36,175
108,20,156
106,31,156
122,24,156
98,36,64
103,28,173
103,25,173
111,29,64
127,22,156
114,26,175
100,25,171
111,26,154
100,22,171
121,16,171
103,31,64
97,19,64
111,20,171
111,23,64
124,28,64
124,19,156
124,16,154
105,17,64
100,19,175
100,16,175
113,12,154
105,14,154
116,18,171
124,22,64
108,17,64
127,19,171
105,11,154
97,16,175
103,19,64
102,14,64
97,13,154
113,15,175
121,13,171
118,16,175
108,14,171
126,14,64
126,11,64
124,10,64
124,13,64
110,9,175
119,18,158
113,9,64
105,8,171
113,6,64
97,10,171
102,11,175
110,12,64
120,50,168
119,33,152
101,51,64
95,39,64
125,42,64
106,43,64
122,36,64
101,33,173
106,37,64
127,28,64
100,31,64
98,45,64
106,28,171
106,25,64
103,22,156
105,20,171
108,26,64
113,24,64
126,8,64
109,31,171
125,48,64
127,31,64
103,34,64
127,25,64
113,21,64
113,18,64
100,13,64
99,8,64
99,5,159
112,1,159
124,25,64
97,22,64
108,23,64
109,49,64
111,35,64
99,11,64
101,48,64
97,7,64
123,5,64
112,37,156
121,19,64
110,18,64
16,27,64
61,42,157
118,33,158
63,4,64
43,1,64
119,22,170
120,21,152
114,24,170
125,22,170
124,20,152
112,20,152
119,25,152
113,19,169
126,21,170
107,22,152
63,7,64
105,18,152
117,24,173
113,16,152
80,16,171
86,16,169
104,16,156
103,17,156
114,18,175
105,15,173
102,15,156
94,14,173
109,23,173
62,13,156
77,13,156
85,17,154
99,15,154
87,15,154
71,13,171
100,14,171
67,11,154
84,12,175
83,13,171
116,22,170
117,21,174
118,20,174
118,17,169
108,18,169
92,16,173
101,19,173
85,14,156
76,14,171
81,12,171
97,14,154
114,21,174
124,23,170
105,21,174
98,16,156
97,17,169
107,19,174
115,17,156
81,15,156
98,13,154
82,11,171
121,23,174
82,14,156
53,10,158
48,7,155
120,18,174
93,18,169
107,16,156
103,14,156
96,12,156
96,18,171
85,11,175
86,13,175
101,16,173
59,10,171
112,4,64
64,10,159
21,13,64
19,15,64
1,27,171
4,39,173
50,20,64
43,24,64
5,26,175
5,20,64
50,50,171
85,39,169
104,35,173
84,40,171
105,37,64
114,40,173
91,42,173
71,50,174
97,42,175
96,46,175
52,47,174
123,18,174
94,17,173
111,18,169
108,15,175
113,22,171
70,14,64
94,11,64
72,6,64
109,14,171
123,24,175
93,12,64
82,17,175
66,12,64
121,17,170
125,25,174
118,14,64
122,22,174
41,7,64
104,13,173
52,31,171
14,20,64
109,46,173
125,45,174
64,7,64
5,17,184
24,13,184
44,11,64
20,14,64
65,2,188
24,10,64
62,53,64
102,12,64
80,4,64
116,16,64
78,6,190
4,25,184
10,1,64
61,1,64
62,1,64
63,1,64
65,1,64
85,1,64
88,1,64
94,1,64
0,2,64
18,2,64
45,2,64
61,2,64
67,2,64
69,2,64
72,2,64
2,3,64
52,3,64
53,3,64
58,3,64
59,3,64
66,3,64
67,3,64
69,3,64
70,3,64
75,3,64
77,3,64
104,3,64
10,4,64
61,4,64
62,4,64
65,4,64
68,4,64
69,4,64
70,4,64
71,4,64
74,4,64
75,4,64
77,4,64
78,4,64
88,4,64
0,5,64
59,5,64
61,5,64
65,5,64
68,5,64
72,5,64
73,5,64
76,5,64
79,5,64
82,5,64
85,5,64
96,5,64
2,6,64
52,6,64
53,6,64
55,6,64
69,6,64
75,6,64
80,6,64
81,6,64
84,6,64
87,6,64
90,6,64
13,7,64
51,7,64
66,7,64
74,7,64
78,7,64
80,7,64
86,7,64
87,7,64
88,7,64
89,7,64
95,7,64
0,8,64
38,8,64
50,8,64
53,8,64
56,8,64
67,8,64
72,8,64
77,8,64
79,8,64
83,8,64
85,8,64
88,8,64
94,8,64
97,8,64
123,8,64
5,9,64
25,9,64
42,9,64
52,9,64
56,9,64
70,9,64
72,9,64
80,9,64
81,9,64
90,9,64
93,9,64
96,9,64
99,9,64
102,9,64
105,9,64
107,9,64
13,10,64
18,10,64
42,10,64
45,10,64
48,10,64
54,10,64
57,10,64
63,10,64
68,10,64
69,10,64
72,10,64
75,10,64
78,10,64
92,10,64
95,10,64
101,10,64
110,10,64
0,11,64
20,11,64
29,11,64
32,11,64
47,11,64
59,11,64
62,11,64
91,11,64
97,11,64
98,11,64
100,11,64
103,11,64
109,11,64
5,12,64
8,12,64
28,12,64
31,12,64
32,12,64
40,12,64
43,12,64
52,12,64
56,12,64
58,12,64
61,12,64
76,12,64
83,12,64
91,12,64
97,12,64
107,12,64
108,12,64
111,12,64
114,12,64
115,12,64
117,12,64
9,13,64
18,13,64
27,13,64
33,13,64
39,13,64
40,13,64
48,13,64
60,13,64
63,13,64
67,13,64
87,13,64
91,13,64
92,13,64
107,13,64
119,13,64
0,14,64
5,14,64
14,14,64
24,14,64
26,14,64
32,14,64
35,14,64
75,14,64
89,14,64
112,14,64
124,14,64
127,14,64
1,15,64
7,15,64
8,15,64
10,15,64
16,15,64
28,15,64
31,15,64
32,15,64
59,15,64
83,15,64
110,15,64
114,15,64
117,15,64
123,15,64
126,15,64
3,16,64
9,16,64
12,16,64
15,16,64
16,16,64
39,16,64
45,16,64
51,16,64
66,16,64
67,16,64
117,16,64
122,16,64
125,16,64
127,16,64
0,17,64
2,17,64
20,17,64
29,17,64
35,17,64
41,17,64
51,17,64
101,17,64
102,17,64
8,18,64
10,18,64
13,18,64
59,18,64
86,18,64
24,19,64
27,19,64
45,19,64
94,19,64
119,19,64
78,20,64
11,21,64
62,21,64
86,21,64
108,21,64
70,22,64
121,22,64
3,23,64
54,23,64
105,23,64
4,24,64
11,24,64
62,24,64
89,24,64
46,25,64
97,25,64
122,25,64
38,27,64
65,27,64
73,28,64
57,29,64
108,29,64
14,30,64
6,31,64
7,31,64
49,31,64
84,31,64
105,31,64
14,32,64
71,32,64
83,32,64
84,32,64
7,33,64
17,33,64
41,33,64
70,33,64
24,34,64
76,34,64
9,35,64
60,35,64
65,35,64
3,36,64
4,36,64
6,36,64
16,36,64
17,36,64
44,36,64
109,36,64
121,36,64
1,37,64
18,37,64
45,37,64
52,37,64
63,37,64
79,37,64
117,37,64
123,37,64
62,38,64
122,38,64
3,39,64
20,39,64
49,39,64
115,39,64
127,39,64
2,40,64
79,40,64
12,41,64
29,41,64
56,41,64
63,41,64
98,41,64
104,41,64
119,41,64
18,42,64
76,42,64
98,42,64
103,42,64
122,42,64
4,43,64
45,43,64
55,43,64
95,44,64
23,45,64
24,45,64
34,45,64
82,45,64
30,46,64
63,46,64
37,47,64
61,47,64
62,47,64
80,47,64
92,47,64
23,48,64
42,48,64
50,48,64
60,48,64
79,48,64
58,49,64
71,49,64
75,49,64
78,49,64
49,50,64
58,51,64
