Scan,Row,Col,VRefN,PPReg,rawIadj,Mean,Delta
R79-C9,79,9,0.0,64,9999,41,9999.0
R81-C10,81,10,0.0,64,9999,41,9999.0
R64-C9,64,9,0.0,64,9999,41,9999.0
R42-C7,42,7,37.0,153,153,41,4.0
R44-C5,44,5,39.0,158,158,41,2.0
R54-C4,54,4,0.0,64,9999,41,9999.0
R48-C4,48,4,39.0,157,157,41,2.0
R36-C7,36,7,0.0,64,9999,41,9999.0
R51-C4,51,4,0.0,64,9999,41,9999.0
R43-C6,43,6,40.0,153,153,41,1.0
R49-C6,49,6,37.0,157,157,41,4.0
R76-C6,76,6,0.0,64,9999,41,9999.0
R53-C5,53,5,39.0,153,153,41,2.0
R79-C6,79,6,32.0,155,155,41,9.0
R50-C5,50,5,38.0,157,157,41,3.0
R57-C4,57,4,28.0,159,159,41,13.0
R68-C2,68,2,40.0,155,155,41,1.0
R59-C2,59,2,39.0,155,155,41,2.0
R8-C20,8,20,37.0,170,170,41,4.0
R4-C21,4,21,33.0,173,173,41,8.0
R11-C14,11,14,38.0,152,152,41,3.0
R12-C19,12,19,40.0,169,169,41,1.0
R8-C14,8,14,39.0,152,152,41,2.0
R15-C13,15,13,39.0,169,169,41,2.0
R14-C11,14,11,39.0,156,156,41,2.0
R11-C20,11,20,38.0,156,156,41,3.0
R10-C12,10,12,39.0,156,156,41,2.0
R6-C13,6,13,0.0,64,9999,41,9999.0
R10-C21,10,21,0.0,64,9999,41,9999.0
R34-C15,34,15,39.0,156,156,41,2.0
R18-C19,18,19,35.0,171,171,41,6.0
R17-C11,17,11,0.0,64,9999,41,9999.0
R22-C12,22,12,40.0,156,156,41,1.0
R13-C12,13,12,41.0,173,173,41,0.0
R2-C20,2,20,0.0,64,9999,41,9999.0
R44-C17,44,17,0.0,64,9999,41,9999.0
R12-C22,12,22,0.0,64,9999,41,9999.0
R3-C19,3,19,0.0,64,9999,41,9999.0
R1-C24,1,24,0.0,64,9999,41,9999.0
R24-C16,24,16,0.0,64,9999,41,9999.0
R19-C12,19,12,39.0,171,171,41,2.0
R25-C21,25,21,0.0,64,9999,41,9999.0
R29-C8,29,8,39.0,171,171,41,2.0
R38-C14,38,14,35.0,175,175,41,6.0
R26-C17,26,17,39.0,171,171,41,2.0
R33-C19,33,19,0.0,64,9999,41,9999.0
R10-C24,10,24,0.0,64,9999,41,9999.0
R30-C10,30,10,38.0,171,171,41,3.0
R23-C11,23,11,37.0,154,154,41,4.0
R50-C14,50,14,0.0,64,9999,41,9999.0
R41-C8,41,8,37.0,175,175,41,4.0
R33-C7,33,7,34.0,175,175,41,7.0
R37-C9,37,9,38.0,154,154,41,3.0
R16-C12,16,12,0.0,64,9999,41,9999.0
R43-C15,43,15,0.0,64,9999,41,9999.0
R44-C14,44,14,0.0,64,9999,41,9999.0
R32-C8,32,8,35.0,175,175,41,6.0
R36-C13,36,13,0.0,64,9999,41,9999.0
R41-C11,41,11,0.0,64,9999,41,9999.0
R31-C9,31,9,39.0,175,175,41,2.0
R68-C8,68,8,39.0,154,154,41,2.0
R34-C9,34,9,37.0,175,175,41,4.0
R60-C10,60,10,40.0,154,154,41,1.0
R28-C9,28,9,37.0,158,158,41,4.0
R76-C9,76,9,40.0,171,171,41,1.0
R74-C11,74,11,0.0,64,9999,41,9999.0
R40-C6,40,6,0.0,64,9999,41,9999.0
R19-C18,19,18,38.0,169,169,41,3.0
R22-C18,22,18,37.0,173,173,41,4.0
R21-C22,21,22,0.0,64,9999,41,9999.0
R1-C21,1,21,0.0,64,9999,41,9999.0
R21-C19,21,19,0.0,64,9999,41,9999.0
R4-C18,4,18,0.0,64,9999,41,9999.0
R49-C15,49,15,0.0,64,9999,41,9999.0
R11-C17,11,17,0.0,64,9999,41,9999.0
R58-C9,58,9,0.0,64,9999,41,9999.0
R82-C6,82,6,0.0,64,9999,41,9999.0
R81-C7,81,7,8.0,186,186,41,33.0
R80-C5,80,5,0.0,64,9999,41,9999.0
R75-C7,75,7,0.0,64,9999,41,9999.0
R64-C6,64,6,0.0,64,9999,41,9999.0
R17-C23,17,23,0.0,64,9999,41,9999.0
R17-C20,17,20,0.0,64,9999,41,9999.0
R13-C21,13,21,0.0,64,9999,41,9999.0
R30-C19,30,19,0.0,64,9999,41,9999.0
R53-C14,53,14,0.0,64,9999,41,9999.0
R33-C16,33,16,0.0,64,9999,41,9999.0
R59-C8,59,8,0.0,64,9999,41,9999.0
R85-C6,85,6,0.0,64,9999,41,9999.0
R23-C20,23,20,0.0,64,9999,41,9999.0
R56-C14,56,14,0.0,64,9999,41,9999.0
R43-C9,43,9,0.0,64,9999,41,9999.0
R70-C6,70,6,0.0,64,9999,41,9999.0
R67-C9,67,9,0.0,64,9999,41,9999.0
R61-C6,61,6,0.0,64,9999,41,9999.0
R21-C16,21,16,0.0,64,9999,41,9999.0
R40-C18,40,18,0.0,64,9999,41,9999.0
R28-C18,28,18,0.0,64,9999,41,9999.0
R1-C18,1,18,8.0,186,186,41,33.0
R59-C14,59,14,0.0,64,9999,41,9999.0
R13-C15,13,15,0.0,64,9999,41,9999.0
R55-C12,55,12,0.0,64,9999,41,9999.0
R57-C7,57,7,0.0,64,9999,41,9999.0
R9-C25,9,25,0.0,64,9999,41,9999.0
R3-C25,3,25,0.0,64,9999,41,9999.0
R80-C8,80,8,0.0,64,9999,41,9999.0
R37-C18,37,18,0.0,64,9999,41,9999.0
R8-C17,8,17,0.0,64,9999,41,9999.0
R22-C21,22,21,0.0,64,9999,41,9999.0
R62-C14,62,14,0.0,64,9999,41,9999.0
R25-C15,25,15,0.0,64,9999,41,9999.0
R84-C7,84,7,0.0,64,9999,41,9999.0
R61-C3,61,3,0.0,64,9999,41,9999.0
R94-C9,94,9,37.0,158,158,41,4.0
R106-C12,106,12,0.0,64,9999,41,9999.0
R64-C4,64,4,0.0,64,9999,41,9999.0
R113-C29,113,29,0.0,64,9999,41,9999.0
R19-C30,19,30,39.0,169,169,41,2.0
R54-C28,54,28,40.0,152,152,41,1.0
R2-C35,2,35,31.0,175,175,41,10.0
R30-C28,30,28,39.0,173,173,41,2.0
R28-C33,28,33,34.0,154,154,41,7.0
R20-C32,20,32,39.0,173,173,41,2.0
R18-C25,18,25,40.0,152,152,41,1.0
R17-C32,17,32,0.0,64,9999,41,9999.0
R34-C30,34,30,34.0,171,171,41,7.0
R12-C31,12,31,25.0,157,157,41,16.0
R26-C32,26,32,36.0,171,171,41,5.0
R29-C32,29,32,0.0,64,9999,41,9999.0
R40-C30,40,30,0.0,64,9999,41,9999.0
R9-C34,9,34,0.0,64,9999,41,9999.0
R15-C28,15,28,0.0,64,9999,41,9999.0
R42-C28,42,28,38.0,156,156,41,3.0
R33-C31,33,31,35.0,154,154,41,6.0
R34-C27,34,27,30.0,158,158,41,11.0
R50-C26,50,26,0.0,64,9999,41,9999.0
R81-C22,81,22,32.0,175,175,41,9.0
R53-C20,53,20,37.0,173,173,41,4.0
R3-C28,3,28,0.0,64,9999,41,9999.0
R49-C24,49,24,39.0,156,156,41,2.0
R13-C27,13,27,0.0,64,9999,41,9999.0
R4-C27,4,27,35.0,154,154,41,6.0
R66-C25,66,25,40.0,173,173,41,1.0
R17-C29,17,29,0.0,64,9999,41,9999.0
R10-C36,10,36,39.0,156,156,41,2.0
R42-C31,42,31,31.0,153,153,41,10.0
R30-C22,30,22,0.0,64,9999,41,9999.0
R28-C24,28,24,0.0,64,9999,41,9999.0
R44-C29,44,29,0.0,64,9999,41,9999.0
R63-C25,63,25,0.0,64,9999,41,9999.0
R58-C27,58,27,40.0,156,156,41,1.0
R25-C24,25,24,0.0,64,9999,41,9999.0
R27-C28,27,28,41.0,156,156,41,0.0
R51-C28,51,28,0.0,64,9999,41,9999.0
R74-C17,74,17,40.0,156,156,41,1.0
R84-C19,84,19,0.0,64,9999,41,9999.0
R54-C22,54,22,0.0,64,9999,41,9999.0
R32-C23,32,23,0.0,64,9999,41,9999.0
R61-C24,61,24,0.0,64,9999,41,9999.0
R67-C21,67,21,0.0,64,9999,41,9999.0
R29-C23,29,23,0.0,64,9999,41,9999.0
R88-C21,88,21,0.0,64,9999,41,9999.0
R105-C16,105,16,0.0,64,9999,41,9999.0
R102-C19,102,19,0.0,64,9999,41,9999.0
R43-C27,43,27,0.0,64,9999,41,9999.0
R68-C23,68,23,32.0,157,157,41,9.0
R88-C15,88,15,18.0,159,159,41,23.0
R59-C17,59,17,0.0,64,9999,41,9999.0
R88-C18,88,18,0.0,64,9999,41,9999.0
R55-C18,55,18,31.0,153,153,41,10.0
R87-C19,87,19,0.0,64,9999,41,9999.0
R70-C18,70,18,37.0,154,154,41,4.0
R50-C17,50,17,0.0,64,9999,41,9999.0
R92-C11,92,11,0.0,64,9999,41,9999.0
R64-C18,64,18,34.0,158,158,41,7.0
R83-C14,83,14,0.0,64,9999,41,9999.0
R92-C14,92,14,0.0,64,9999,41,9999.0
R86-C14,86,14,0.0,64,9999,41,9999.0
R76-C18,76,18,38.0,154,154,41,3.0
R85-C18,85,18,0.0,64,9999,41,9999.0
R105-C10,105,10,0.0,64,9999,41,9999.0
R93-C13,93,13,0.0,64,9999,41,9999.0
R79-C12,79,12,0.0,64,9999,41,9999.0
R104-C14,104,14,0.0,64,9999,41,9999.0
R88-C12,88,12,0.0,64,9999,41,9999.0
R90-C10,90,10,0.0,64,9999,41,9999.0
R99-C10,99,10,0.0,64,9999,41,9999.0
R10-C33,10,33,34.0,171,171,41,7.0
R15-C31,15,31,0.0,64,9999,41,9999.0
R27-C34,27,34,18.0,159,159,41,23.0
R3-C34,3,34,31.0,175,175,41,10.0
R22-C33,22,33,0.0,64,9999,41,9999.0
R17-C35,17,35,0.0,64,9999,41,9999.0
R7-C30,7,30,0.0,64,9999,41,9999.0
R45-C28,45,28,32.0,175,175,41,9.0
R22-C30,22,30,0.0,64,9999,41,9999.0
R77-C23,77,23,0.0,64,9999,41,9999.0
R48-C22,48,22,0.0,64,9999,41,9999.0
R40-C27,40,27,16.0,184,184,41,25.0
R44-C26,44,26,0.0,64,9999,41,9999.0
R41-C29,41,29,0.0,64,9999,41,9999.0
R10-C27,10,27,0.0,64,9999,41,9999.0
R2-C32,2,32,0.0,64,9999,41,9999.0
R56-C23,56,23,0.0,64,9999,41,9999.0
R40-C21,40,21,0.0,64,9999,41,9999.0
R28-C21,28,21,0.0,64,9999,41,9999.0
R83-C20,83,20,0.0,64,9999,41,9999.0
R65-C14,65,14,0.0,64,9999,41,9999.0
R95-C14,95,14,0.0,64,9999,41,9999.0
R77-C20,77,20,0.0,64,9999,41,9999.0
R37-C24,37,24,0.0,64,9999,41,9999.0
R69-C16,69,16,0.0,64,9999,41,9999.0
R69-C22,69,22,0.0,64,9999,41,9999.0
R93-C16,93,16,0.0,64,9999,41,9999.0
R54-C16,54,16,0.0,64,9999,41,9999.0
R68-C17,68,17,0.0,64,9999,41,9999.0
R80-C14,80,14,0.0,64,9999,41,9999.0
R77-C11,77,11,0.0,64,9999,41,9999.0
R103-C18,103,18,0.0,64,9999,41,9999.0
R35-C20,35,20,23.0,159,159,41,18.0
R84-C10,84,10,0.0,64,9999,41,9999.0
R99-C13,99,13,0.0,64,9999,41,9999.0
R95-C11,95,11,0.0,64,9999,41,9999.0
R109-C12,109,12,0.0,64,9999,41,9999.0
R98-C8,98,8,23.0,159,159,41,18.0
R95-C8,95,8,0.0,64,9999,41,9999.0
R92-C8,92,8,0.0,64,9999,41,9999.0
R100-C9,100,9,0.0,64,9999,41,9999.0
R1-C33,1,33,39.0,173,173,41,2.0
R47-C26,47,26,35.0,154,154,41,6.0
R55-C27,55,27,0.0,64,9999,41,9999.0
R39-C28,39,28,0.0,64,9999,41,9999.0
R12-C25,12,25,25.0,157,157,41,16.0
R2-C29,2,29,0.0,64,9999,41,9999.0
R33-C25,33,25,0.0,64,9999,41,9999.0
R23-C23,23,23,0.0,64,9999,41,9999.0
R73-C24,73,24,32.0,175,175,41,9.0
R18-C28,18,28,0.0,64,9999,41,9999.0
R36-C31,36,31,0.0,64,9999,41,9999.0
R64-C21,64,21,22.0,157,157,41,19.0
R65-C17,65,17,0.0,64,9999,41,9999.0
R98-C17,98,17,0.0,64,9999,41,9999.0
R80-C20,80,20,0.0,64,9999,41,9999.0
R102-C10,102,10,32.0,175,175,41,9.0
R74-C20,74,20,0.0,64,9999,41,9999.0
R61-C18,61,18,30.0,158,158,41,11.0
R89-C17,89,17,41.0,156,156,41,0.0
R112-C15,112,15,0.0,64,9999,41,9999.0
R83-C17,83,17,0.0,64,9999,41,9999.0
R85-C15,85,15,32.0,153,153,41,9.0
R73-C15,73,15,0.0,64,9999,41,9999.0
R60-C16,60,16,38.0,175,175,41,3.0
R103-C15,103,15,0.0,64,9999,41,9999.0
R103-C9,103,9,0.0,64,9999,41,9999.0
R61-C15,61,15,0.0,64,9999,41,9999.0
R85-C12,85,12,0.0,64,9999,41,9999.0
R118-C12,118,12,40.0,175,175,41,1.0
R19-C33,19,33,41.0,174,174,41,0.0
R5-C38,5,38,0.0,64,9999,41,9999.0
R18-C34,18,34,0.0,64,9999,41,9999.0
R11-C29,11,29,0.0,64,9999,41,9999.0
R14-C26,14,26,21.0,155,155,41,20.0
R59-C26,59,26,12.0,188,188,41,29.0
R31-C30,31,30,0.0,64,9999,41,9999.0
R38-C26,38,26,0.0,64,9999,41,9999.0
R55-C21,55,21,0.0,64,9999,41,9999.0
R73-C18,73,18,0.0,64,9999,41,9999.0
R99-C16,99,16,0.0,64,9999,41,9999.0
R72-C13,72,13,0.0,64,9999,41,9999.0
R101-C11,101,11,0.0,64,9999,41,9999.0
R86-C11,86,11,0.0,64,9999,41,9999.0
R105-C13,105,13,0.0,64,9999,41,9999.0
R11-C32,11,32,0.0,64,9999,41,9999.0
R11-C35,11,35,30.0,175,175,41,11.0
R24-C28,24,28,0.0,64,9999,41,9999.0
R12-C37,12,37,0.0,64,9999,41,9999.0
R49-C21,49,21,0.0,64,9999,41,9999.0
R53-C17,53,17,0.0,64,9999,41,9999.0
R47-C29,47,29,0.0,64,9999,41,9999.0
R76-C24,76,24,0.0,64,9999,41,9999.0
R37-C21,37,21,0.0,64,9999,41,9999.0
R62-C20,62,20,0.0,64,9999,41,9999.0
R49-C18,49,18,0.0,64,9999,41,9999.0
R64-C15,64,15,39.0,153,153,41,2.0
R78-C16,78,16,0.0,64,9999,41,9999.0
R76-C15,76,15,0.0,64,9999,41,9999.0
R89-C11,89,11,0.0,64,9999,41,9999.0
R100-C12,100,12,0.0,64,9999,41,9999.0
R57-C28,57,28,38.0,173,173,41,3.0
R9-C28,9,28,38.0,156,156,41,3.0
R18-C31,18,31,0.0,64,9999,41,9999.0
R60-C19,60,19,0.0,64,9999,41,9999.0
R85-C21,85,21,0.0,64,9999,41,9999.0
R58-C15,58,15,0.0,64,9999,41,9999.0
R88-C9,88,9,0.0,64,9999,41,9999.0
R68-C26,68,26,0.0,64,9999,41,9999.0
R28-C27,28,27,41.0,156,156,41,0.0
R95-C17,95,17,0.0,64,9999,41,9999.0
R58-C21,58,21,41.0,156,156,41,0.0
R61-C21,61,21,0.0,64,9999,41,9999.0
R97-C18,97,18,0.0,64,9999,41,9999.0
R75-C13,75,13,0.0,64,9999,41,9999.0
R46-C21,46,21,39.0,173,173,41,2.0
R26-C26,26,26,0.0,64,9999,41,9999.0
R53-C23,53,23,0.0,64,9999,41,9999.0
R124-C18,124,18,39.0,175,175,41,2.0
R122-C17,122,17,38.0,158,158,41,3.0
R112-C18,112,18,0.0,64,9999,41,9999.0
R125-C17,125,17,40.0,154,154,41,1.0
R32-C38,32,38,37.0,152,152,41,4.0
R27-C37,27,37,38.0,174,174,41,3.0
R31-C39,31,39,39.0,174,174,41,2.0
R22-C39,22,39,40.0,174,174,41,1.0
R13-C39,13,39,39.0,174,174,41,2.0
R73-C30,73,30,39.0,174,174,41,2.0
R69-C31,69,31,40.0,174,174,41,1.0
R56-C32,56,32,39.0,152,152,41,2.0
R54-C34,54,34,39.0,169,169,41,2.0
R26-C38,26,38,40.0,169,169,41,1.0
R64-C30,64,30,39.0,156,156,41,2.0
R78-C34,78,34,40.0,152,152,41,1.0
R60-C31,60,31,40.0,169,169,41,1.0
R25-C39,25,39,39.0,152,152,41,2.0
R34-C36,34,36,38.0,156,156,41,3.0
R66-C31,66,31,40.0,152,152,41,1.0
R32-C41,32,41,0.0,64,9999,41,9999.0
R61-C30,61,30,40.0,169,169,41,1.0
R30-C43,30,43,0.0,64,9999,41,9999.0
R8-C41,8,41,37.0,156,156,41,4.0
R62-C35,62,35,0.0,64,9999,41,9999.0
R39-C34,39,34,40.0,152,152,41,1.0
R77-C29,77,29,39.0,173,173,41,2.0
R59-C38,59,38,0.0,64,9999,41,9999.0
R10-C42,10,42,38.0,156,156,41,3.0
R56-C38,56,38,0.0,64,9999,41,9999.0
R50-C35,50,35,0.0,64,9999,41,9999.0
R35-C38,35,38,0.0,64,9999,41,9999.0
R32-C44,32,44,0.0,64,9999,41,9999.0
R89-C32,89,32,0.0,64,9999,41,9999.0
R93-C25,93,25,40.0,169,169,41,1.0
R95-C26,95,26,40.0,152,152,41,1.0
R53-C32,53,32,39.0,173,173,41,2.0
R5-C41,5,41,40.0,173,173,41,1.0
R75-C28,75,28,38.0,156,156,41,3.0
R48-C31,48,31,40.0,152,152,41,1.0
R24-C43,24,43,0.0,64,9999,41,9999.0
R95-C32,95,32,0.0,64,9999,41,9999.0
R38-C38,38,38,31.0,158,158,41,10.0
R6-C40,6,40,0.0,64,9999,41,9999.0
R56-C29,56,29,0.0,64,9999,41,9999.0
R75-C37,75,37,0.0,64,9999,41,9999.0
R45-C31,45,31,0.0,64,9999,41,9999.0
R68-C38,68,38,0.0,64,9999,41,9999.0
R84-C28,84,28,39.0,173,173,41,2.0
R51-C31,51,31,39.0,173,173,41,2.0
R42-C37,42,37,0.0,64,9999,41,9999.0
R48-C43,48,43,0.0,64,9999,41,9999.0
R103-C24,103,24,40.0,173,173,41,1.0
R54-C31,54,31,40.0,173,173,41,1.0
R50-C32,50,32,38.0,156,156,41,3.0
R88-C33,88,33,0.0,64,9999,41,9999.0
R120-C25,120,25,0.0,64,9999,41,9999.0
R60-C34,60,34,0.0,64,9999,41,9999.0
R94-C30,94,30,0.0,64,9999,41,9999.0
R117-C22,117,22,0.0,64,9999,41,9999.0
R102-C25,102,25,0.0,64,9999,41,9999.0
R77-C32,77,32,0.0,64,9999,41,9999.0
R80-C32,80,32,0.0,64,9999,41,9999.0
R70-C30,70,30,38.0,171,171,41,3.0
R104-C29,104,29,0.0,64,9999,41,9999.0
R25-C42,25,42,0.0,64,9999,41,9999.0
R87-C22,87,22,0.0,64,9999,41,9999.0
R82-C27,82,27,37.0,171,171,41,4.0
R66-C28,66,28,32.0,175,175,41,9.0
R87-C28,87,28,0.0,64,9999,41,9999.0
R97-C30,97,30,0.0,64,9999,41,9999.0
R111-C25,111,25,0.0,64,9999,41,9999.0
R25-C36,25,36,0.0,64,9999,41,9999.0
R44-C32,44,32,0.0,64,9999,41,9999.0
R86-C26,86,26,40.0,173,173,41,1.0
R104-C23,104,23,38.0,156,156,41,3.0
R93-C31,93,31,0.0,64,9999,41,9999.0
R100-C30,100,30,0.0,64,9999,41,9999.0
R81-C25,81,25,0.0,64,9999,41,9999.0
R118-C27,118,27,0.0,64,9999,41,9999.0
R111-C28,111,28,0.0,64,9999,41,9999.0
R91-C27,91,27,40.0,156,156,41,1.0
R120-C28,120,28,0.0,64,9999,41,9999.0
R88-C30,88,30,0.0,64,9999,41,9999.0
R102-C28,102,28,0.0,64,9999,41,9999.0
R95-C23,95,23,39.0,156,156,41,2.0
R34-C33,34,33,0.0,64,9999,41,9999.0
R107-C23,107,23,38.0,171,171,41,3.0
R69-C28,69,28,40.0,171,171,41,1.0
R104-C20,104,20,0.0,64,9999,41,9999.0
R126-C25,126,25,0.0,64,9999,41,9999.0
R97-C24,97,24,36.0,154,154,41,5.0
R101-C23,101,23,40.0,156,156,41,1.0
R76-C30,76,30,31.0,153,153,41,10.0
R116-C26,116,26,0.0,64,9999,41,9999.0
R111-C22,111,22,37.0,171,171,41,4.0
R116-C20,116,20,39.0,156,156,41,2.0
R114-C22,114,22,38.0,171,171,41,3.0
R84-C25,84,25,37.0,175,175,41,4.0
R108-C22,108,22,39.0,171,171,41,2.0
R70-C27,70,27,0.0,64,9999,41,9999.0
R92-C23,92,23,39.0,171,171,41,2.0
R122-C20,122,20,39.0,171,171,41,2.0
R112-C21,112,21,38.0,154,154,41,3.0
R94-C21,94,21,39.0,154,154,41,2.0
R106-C21,106,21,39.0,171,171,41,2.0
R117-C19,117,19,40.0,171,171,41,1.0
R102-C22,102,22,38.0,154,154,41,3.0
R113-C20,113,20,40.0,154,154,41,1.0
R115-C21,115,21,39.0,175,175,41,2.0
R126-C19,126,19,39.0,175,175,41,2.0
R127-C18,127,18,40.0,154,154,41,1.0
R114-C19,114,19,40.0,154,154,41,1.0
R26-C44,26,44,0.0,64,9999,41,9999.0
R55-C33,55,33,37.0,173,173,41,4.0
R23-C41,23,41,29.0,175,175,41,12.0
R55-C39,55,39,0.0,64,9999,41,9999.0
R53-C41,53,41,0.0,64,9999,41,9999.0
R36-C40,36,40,0.0,64,9999,41,9999.0
R14-C38,14,38,0.0,64,9999,41,9999.0
R64-C39,64,39,32.0,175,175,41,9.0
R43-C33,43,33,39.0,173,173,41,2.0
R46-C42,46,42,0.0,64,9999,41,9999.0
R101-C29,101,29,0.0,64,9999,41,9999.0
R32-C35,32,35,0.0,64,9999,41,9999.0
R66-C37,66,37,0.0,64,9999,41,9999.0
R55-C36,55,36,0.0,64,9999,41,9999.0
R73-C33,73,33,0.0,64,9999,41,9999.0
R37-C39,37,39,0.0,64,9999,41,9999.0
R67-C33,67,33,0.0,64,9999,41,9999.0
R82-C36,82,36,0.0,64,9999,41,9999.0
R114-C25,114,25,0.0,64,9999,41,9999.0
R53-C29,53,29,0.0,64,9999,41,9999.0
R75-C25,75,25,0.0,64,9999,41,9999.0
R28-C36,28,36,0.0,64,9999,41,9999.0
R107-C29,107,29,0.0,64,9999,41,9999.0
R94-C27,94,27,0.0,64,9999,41,9999.0
R106-C30,106,30,0.0,64,9999,41,9999.0
R117-C25,117,25,0.0,64,9999,41,9999.0
R85-C24,85,24,0.0,64,9999,41,9999.0
R105-C19,105,19,0.0,64,9999,41,9999.0
R29-C44,29,44,0.0,64,9999,41,9999.0
R44-C41,44,41,0.0,64,9999,41,9999.0
R91-C30,91,30,0.0,64,9999,41,9999.0
R38-C44,38,44,0.0,64,9999,41,9999.0
R64-C33,64,33,37.0,152,152,41,4.0
R37-C45,37,45,0.0,64,9999,41,9999.0
R59-C35,59,35,0.0,64,9999,41,9999.0
R74-C35,74,35,0.0,64,9999,41,9999.0
R57-C37,57,37,0.0,64,9999,41,9999.0
R87-C34,87,34,0.0,64,9999,41,9999.0
R51-C40,51,40,0.0,64,9999,41,9999.0
R99-C31,99,31,0.0,64,9999,41,9999.0
R110-C26,110,26,0.0,64,9999,41,9999.0
R109-C30,109,30,0.0,64,9999,41,9999.0
R78-C25,78,25,0.0,64,9999,41,9999.0
R114-C28,114,28,0.0,64,9999,41,9999.0
R116-C23,116,23,0.0,64,9999,41,9999.0
R109-C24,109,24,0.0,64,9999,41,9999.0
R108-C25,108,25,0.0,64,9999,41,9999.0
R67-C27,67,27,0.0,64,9999,41,9999.0
R58-C36,58,36,0.0,64,9999,41,9999.0
R83-C29,83,29,0.0,64,9999,41,9999.0
R50-C38,50,38,0.0,64,9999,41,9999.0
R92-C29,92,29,0.0,64,9999,41,9999.0
R59-C41,59,41,0.0,64,9999,41,9999.0
R90-C31,90,31,0.0,64,9999,41,9999.0
R92-C32,92,32,0.0,64,9999,41,9999.0
R46-C39,46,39,0.0,64,9999,41,9999.0
R96-C28,96,28,0.0,64,9999,41,9999.0
R76-C33,76,33,0.0,64,9999,41,9999.0
R101-C26,101,26,0.0,64,9999,41,9999.0
R98-C20,98,20,0.0,64,9999,41,9999.0
R96-C22,96,22,0.0,64,9999,41,9999.0
R11-C38,11,38,0.0,64,9999,41,9999.0
R52-C39,52,39,0.0,64,9999,41,9999.0
R35-C44,35,44,0.0,64,9999,41,9999.0
R65-C38,65,38,0.0,64,9999,41,9999.0
R41-C44,41,44,0.0,64,9999,41,9999.0
R103-C27,103,27,0.0,64,9999,41,9999.0
R42-C40,42,40,0.0,64,9999,41,9999.0
R123-C22,123,22,0.0,64,9999,41,9999.0
R93-C34,93,34,0.0,64,9999,41,9999.0
R119-C23,119,23,0.0,64,9999,41,9999.0
R60-C28,60,28,0.0,64,9999,41,9999.0
R97-C33,97,33,0.0,64,9999,41,9999.0
R72-C34,72,34,0.0,64,9999,41,9999.0
R73-C36,73,36,0.0,64,9999,41,9999.0
R124-C24,124,24,0.0,64,9999,41,9999.0
R54-C40,54,40,0.0,64,9999,41,9999.0
R124-C27,124,27,0.0,64,9999,41,9999.0
R40-C33,40,33,0.0,64,9999,41,9999.0
R109-C18,109,18,0.0,64,9999,41,9999.0
R124-C21,124,21,0.0,64,9999,41,9999.0
R107-C26,107,26,0.0,64,9999,41,9999.0
R107-C44,107,44,0.0,64,9999,41,9999.0
R105-C43,105,43,0.0,64,9999,41,9999.0
R88-C48,88,48,0.0,64,9999,41,9999.0
R92-C44,92,44,0.0,64,9999,41,9999.0
R113-C41,113,41,0.0,64,9999,41,9999.0
R64-C48,64,48,30.0,153,153,41,11.0
R51-C49,51,49,0.0,64,9999,41,9999.0
R68-C44,68,44,39.0,169,169,41,2.0
R121-C39,121,39,0.0,64,9999,41,9999.0
R71-C41,71,41,40.0,169,169,41,1.0
R48-C49,48,49,0.0,64,9999,41,9999.0
R40-C45,40,45,40.0,152,152,41,1.0
R85-C42,85,42,0.0,64,9999,41,9999.0
R60-C43,60,43,0.0,64,9999,41,9999.0
R88-C42,88,42,0.0,64,9999,41,9999.0
R86-C44,86,44,0.0,64,9999,41,9999.0
R100-C39,100,39,0.0,64,9999,41,9999.0
R99-C40,99,40,36.0,173,173,41,5.0
R89-C38,89,38,0.0,64,9999,41,9999.0
R93-C46,93,46,0.0,64,9999,41,9999.0
R73-C48,73,48,0.0,64,9999,41,9999.0
R93-C40,93,40,0.0,64,9999,41,9999.0
R44-C44,44,44,38.0,173,173,41,3.0
R55-C48,55,48,0.0,64,9999,41,9999.0
R74-C50,74,50,0.0,64,9999,41,9999.0
R77-C38,77,38,34.0,171,171,41,7.0
R95-C38,95,38,0.0,64,9999,41,9999.0
R102-C34,102,34,0.0,64,9999,41,9999.0
R100-C33,100,33,0.0,64,9999,41,9999.0
R95-C41,95,41,0.0,64,9999,41,9999.0
R42-C49,42,49,0.0,64,9999,41,9999.0
R53-C47,53,47,0.0,64,9999,41,9999.0
R119-C32,119,32,15.0,159,159,41,26.0
R46-C45,46,45,31.0,158,158,41,10.0
R60-C46,60,46,0.0,64,9999,41,9999.0
R90-C40,90,40,33.0,154,154,41,8.0
R70-C39,70,39,32.0,175,175,41,9.0
R74-C38,74,38,0.0,64,9999,41,9999.0
R45-C46,45,46,39.0,173,173,41,2.0
R101-C38,101,38,0.0,64,9999,41,9999.0
R72-C43,72,43,0.0,64,9999,41,9999.0
R119-C38,119,38,0.0,64,9999,41,9999.0
R91-C39,91,39,0.0,64,9999,41,9999.0
R84-C43,84,43,38.0,156,156,41,3.0
R107-C38,107,38,0.0,64,9999,41,9999.0
R54-C43,54,43,0.0,64,9999,41,9999.0
R114-C34,114,34,0.0,64,9999,41,9999.0
R60-C49,60,49,0.0,64,9999,41,9999.0
R76-C45,76,45,0.0,64,9999,41,9999.0
R97-C36,97,36,0.0,64,9999,41,9999.0
R44-C47,44,47,0.0,64,9999,41,9999.0
R67-C42,67,42,0.0,64,9999,41,9999.0
R125-C35,125,35,0.0,64,9999,41,9999.0
R113-C35,113,35,0.0,64,9999,41,9999.0
R111-C37,111,37,0.0,64,9999,41,9999.0
R79-C39,79,39,0.0,64,9999,41,9999.0
R126-C28,126,28,0.0,64,9999,41,9999.0
R122-C29,122,29,34.0,175,175,41,7.0
R127-C27,127,27,0.0,64,9999,41,9999.0
R122-C35,122,35,0.0,64,9999,41,9999.0
R112-C33,112,33,0.0,64,9999,41,9999.0
R119-C35,119,35,41.0,156,156,41,0.0
R96-C43,96,43,40.0,174,174,41,1.0
R108-C43,108,43,0.0,64,9999,41,9999.0
R43-C48,43,48,31.0,171,171,41,10.0
R103-C45,103,45,0.0,64,9999,41,9999.0
R101-C44,101,44,0.0,64,9999,41,9999.0
R66-C43,66,43,0.0,64,9999,41,9999.0
R65-C41,65,41,0.0,64,9999,41,9999.0
R108-C40,108,40,0.0,64,9999,41,9999.0
R126-C40,126,40,0.0,64,9999,41,9999.0
R65-C53,65,53,0.0,64,9999,41,9999.0
R92-C35,92,35,30.0,175,175,41,11.0
R70-C48,70,48,0.0,64,9999,41,9999.0
R78-C46,78,46,19.0,155,155,41,22.0
R82-C48,82,48,0.0,64,9999,41,9999.0
R68-C41,68,41,0.0,64,9999,41,9999.0
R80-C41,80,41,0.0,64,9999,41,9999.0
R108-C37,108,37,0.0,64,9999,41,9999.0
R120-C34,120,34,0.0,64,9999,41,9999.0
R112-C42,112,42,0.0,64,9999,41,9999.0
R107-C41,107,41,0.0,64,9999,41,9999.0
R62-C50,62,50,0.0,64,9999,41,9999.0
R98-C35,98,35,0.0,64,9999,41,9999.0
R47-C44,47,44,35.0,171,171,41,6.0
R117-C34,117,34,39.0,173,173,41,2.0
R120-C31,120,31,40.0,173,173,41,1.0
R109-C39,109,39,0.0,64,9999,41,9999.0
R70-C51,70,51,0.0,64,9999,41,9999.0
R79-C42,79,42,0.0,64,9999,41,9999.0
R59-C44,59,44,39.0,173,173,41,2.0
R83-C41,83,41,40.0,173,173,41,1.0
R89-C35,89,35,35.0,154,154,41,6.0
R64-C45,64,45,33.0,175,175,41,8.0
R125-C38,125,38,0.0,64,9999,41,9999.0
R73-C39,73,39,0.0,64,9999,41,9999.0
R103-C33,103,33,37.0,171,171,41,4.0
R59-C50,59,50,35.0,173,173,41,6.0
R87-C37,87,37,0.0,64,9999,41,9999.0
R58-C45,58,45,33.0,171,171,41,8.0
R70-C45,70,45,30.0,175,175,41,11.0
R49-C45,49,45,39.0,169,169,41,2.0
R100-C45,100,45,0.0,64,9999,41,9999.0
R74-C41,74,41,0.0,64,9999,41,9999.0
R106-C39,106,39,31.0,154,154,41,10.0
R110-C38,110,38,0.0,64,9999,41,9999.0
R73-C51,73,51,0.0,64,9999,41,9999.0
R89-C41,89,41,0.0,64,9999,41,9999.0
R104-C38,104,38,12.0,188,188,41,29.0
R75-C43,75,43,33.0,154,154,41,8.0
R97-C39,97,39,0.0,64,9999,41,9999.0
R83-C44,83,44,0.0,64,9999,41,9999.0
R93-C37,93,37,0.0,64,9999,41,9999.0
R65-C47,65,47,38.0,156,156,41,3.0
R82-C39,82,39,0.0,64,9999,41,9999.0
R64-C42,64,42,0.0,64,9999,41,9999.0
R83-C47,83,47,0.0,64,9999,41,9999.0
R117-C40,117,40,0.0,64,9999,41,9999.0
R106-C42,106,42,0.0,64,9999,41,9999.0
R118-C42,118,42,0.0,64,9999,41,9999.0
R56-C44,56,44,36.0,171,171,41,5.0
R105-C34,105,34,0.0,64,9999,41,9999.0
R104-C32,104,32,33.0,154,154,41,8.0
R76-C48,76,48,0.0,64,9999,41,9999.0
R116-C38,116,38,0.0,64,9999,41,9999.0
R108-C31,108,31,33.0,175,175,41,8.0
R78-C40,78,40,0.0,64,9999,41,9999.0
R49-C48,49,48,39.0,174,174,41,2.0
R111-C40,111,40,39.0,174,174,41,2.0
R64-C51,64,51,0.0,64,9999,41,9999.0
R93-C43,93,43,0.0,64,9999,41,9999.0
R54-C49,54,49,0.0,64,9999,41,9999.0
R120-C37,120,37,40.0,174,174,41,1.0
R56-C50,56,50,39.0,169,169,41,2.0
R67-C48,67,48,0.0,64,9999,41,9999.0
R97-C45,97,45,0.0,64,9999,41,9999.0
R69-C43,69,43,0.0,64,9999,41,9999.0
R53-C50,53,50,0.0,64,9999,41,9999.0
R64-C35,64,35,37.0,174,174,41,4.0
R111-C31,111,31,0.0,64,9999,41,9999.0
R88-C36,88,36,36.0,171,171,41,5.0
R124-C36,124,36,0.0,64,9999,41,9999.0
R118-C39,118,39,27.0,175,175,41,14.0
R63-C49,63,49,0.0,64,9999,41,9999.0
R81-C40,81,40,21.0,155,155,41,20.0
R124-C39,124,39,0.0,64,9999,41,9999.0
R112-C36,112,36,0.0,64,9999,41,9999.0
R110-C35,110,35,30.0,175,175,41,11.0
R58-C48,58,48,32.0,158,158,41,9.0
R77-C41,77,41,0.0,64,9999,41,9999.0
R85-C45,85,45,0.0,64,9999,41,9999.0
R46-C48,46,48,0.0,64,9999,41,9999.0
R115-C33,115,33,0.0,64,9999,41,9999.0
R56-C47,56,47,34.0,175,175,41,7.0
R61-C51,61,51,0.0,64,9999,41,9999.0
R121-C30,121,30,0.0,64,9999,41,9999.0
R57-C43,57,43,35.0,173,173,41,6.0
R66-C52,66,52,0.0,64,9999,41,9999.0
R126-C31,126,31,0.0,64,9999,41,9999.0
R118-C36,118,36,0.0,64,9999,41,9999.0
R63-C52,63,52,0.0,64,9999,41,9999.0
R94-C45,94,45,0.0,64,9999,41,9999.0
R55-C45,55,45,0.0,64,9999,41,9999.0
R113-C38,113,38,0.0,64,9999,41,9999.0
R87-C46,87,46,0.0,64,9999,41,9999.0
R92-C38,92,38,0.0,64,9999,41,9999.0
R75-C40,75,40,0.0,64,9999,41,9999.0
R88-C45,88,45,0.0,64,9999,41,9999.0
R67-C51,67,51,0.0,64,9999,41,9999.0
R109-C42,109,42,0.0,64,9999,41,9999.0
R89-C44,89,44,0.0,64,9999,41,9999.0
R69-C46,69,46,0.0,64,9999,41,9999.0
R106-C33,106,33,0.0,64,9999,41,9999.0
R118-C30,118,30,0.0,64,9999,41,9999.0
R110-C32,110,32,0.0,64,9999,41,9999.0
R85-C36,85,36,12.0,188,188,41,29.0
R102-C43,102,43,0.0,64,9999,41,9999.0
R65-C50,65,50,40.0,174,174,41,1.0
R90-C37,90,37,0.0,64,9999,41,9999.0
R77-C46,77,46,39.0,174,174,41,2.0
R70-C50,70,50,40.0,174,174,41,1.0
R53-C46,53,46,0.0,64,9999,41,9999.0
R75-C48,75,48,0.0,64,9999,41,9999.0
R51-C45,51,45,41.0,174,174,41,0.0
R71-C52,71,52,0.0,64,9999,41,9999.0
R68-C49,68,49,0.0,64,9999,41,9999.0
R63-C42,63,42,28.0,158,158,41,13.0
R47-C46,47,46,41.0,174,174,41,0.0
R52-C44,52,44,40.0,169,169,41,1.0
R30-C45,30,45,0.0,64,9999,41,9999.0
R50-C49,50,49,0.0,64,9999,41,9999.0
R53-C49,53,49,0.0,64,9999,41,9999.0
R79-C50,79,50,29.0,175,175,41,12.0
R72-C45,72,45,34.0,171,171,41,7.0
R32-C43,32,43,28.0,175,175,41,13.0
R30-C42,30,42,0.0,64,9999,41,9999.0
R61-C41,61,41,34.0,171,171,41,7.0
R65-C52,65,52,0.0,64,9999,41,9999.0
R89-C46,89,46,36.0,173,173,41,5.0
R64-C47,64,47,17.0,159,159,41,24.0
R59-C52,59,52,0.0,64,9999,41,9999.0
R47-C40,47,40,39.0,152,152,41,2.0
R41-C43,41,43,38.0,173,173,41,3.0
R61-C44,61,44,0.0,64,9999,41,9999.0
R50-C46,50,46,0.0,64,9999,41,9999.0
R24-C39,24,39,0.0,64,9999,41,9999.0
R39-C36,39,36,0.0,64,9999,41,9999.0
R57-C45,57,45,0.0,64,9999,41,9999.0
R78-C45,78,45,0.0,64,9999,41,9999.0
R72-C48,72,48,39.0,152,152,41,2.0
R14-C37,14,37,0.0,64,9999,41,9999.0
R9-C36,9,36,0.0,64,9999,41,9999.0
R63-C45,63,45,0.0,64,9999,41,9999.0
R44-C43,44,43,0.0,64,9999,41,9999.0
R45-C39,45,39,0.0,64,9999,41,9999.0
R15-C39,15,39,0.0,64,9999,41,9999.0
R35-C37,35,37,0.0,64,9999,41,9999.0
R71-C43,71,43,38.0,173,173,41,3.0
R34-C44,34,44,0.0,64,9999,41,9999.0
R54-C42,54,42,32.0,175,175,41,9.0
R5-C40,5,40,0.0,64,9999,41,9999.0
R24-C36,24,36,38.0,173,173,41,3.0
R34-C35,34,35,30.0,175,175,41,11.0
R56-C43,56,43,0.0,64,9999,41,9999.0
R26-C37,26,37,21.0,155,155,41,20.0
R56-C40,56,40,0.0,64,9999,41,9999.0
R12-C39,12,39,0.0,64,9999,41,9999.0
R10-C35,10,35,0.0,64,9999,41,9999.0
R68-C52,68,52,0.0,64,9999,41,9999.0
R73-C44,73,44,0.0,64,9999,41,9999.0
R76-C47,76,47,21.0,155,155,41,20.0
R56-C46,56,46,32.0,175,175,41,9.0
R64-C41,64,41,36.0,156,156,41,5.0
R42-C42,42,42,39.0,156,156,41,2.0
R2-C28,2,28,0.0,64,9999,41,9999.0
R35-C40,35,40,38.0,173,173,41,3.0
R46-C41,46,41,17.0,159,159,41,24.0
R13-C35,13,35,0.0,64,9999,41,9999.0
R29-C43,29,43,0.0,64,9999,41,9999.0
R53-C43,53,43,0.0,64,9999,41,9999.0
R37-C41,37,41,40.0,173,173,41,1.0
R41-C37,41,37,0.0,64,9999,41,9999.0
R12-C30,12,30,0.0,64,9999,41,9999.0
R10-C32,10,32,0.0,64,9999,41,9999.0
R4-C38,4,38,40.0,156,156,41,1.0
R7-C32,7,32,30.0,158,158,41,11.0
R49-C38,49,38,0.0,64,9999,41,9999.0
R77-C49,77,49,37.0,171,171,41,4.0
R18-C36,18,36,0.0,64,9999,41,9999.0
R13-C32,13,32,0.0,64,9999,41,9999.0
R3-C33,3,33,0.0,64,9999,41,9999.0
R20-C40,20,40,0.0,64,9999,41,9999.0
R20-C37,20,37,0.0,64,9999,41,9999.0
R28-C41,28,41,0.0,64,9999,41,9999.0
R52-C41,52,41,0.0,64,9999,41,9999.0
R6-C30,6,30,37.0,171,171,41,4.0
R20-C31,20,31,0.0,64,9999,41,9999.0
R25-C35,25,35,38.0,171,171,41,3.0
R68-C46,68,46,34.0,156,156,41,7.0
R63-C48,63,48,0.0,64,9999,41,9999.0
R60-C45,60,45,36.0,173,173,41,5.0
R92-C46,92,46,40.0,174,174,41,1.0
R59-C46,59,46,39.0,169,169,41,2.0
R64-C50,64,50,0.0,64,9999,41,9999.0
R8-C37,8,37,38.0,152,152,41,3.0
R42-C36,42,36,32.0,154,154,41,9.0
R61-C50,61,50,0.0,64,9999,41,9999.0
R34-C38,34,38,40.0,152,152,41,1.0
R75-C51,75,51,0.0,64,9999,41,9999.0
R71-C46,71,46,40.0,152,152,41,1.0
R75-C45,75,45,0.0,64,9999,41,9999.0
R62-C49,62,49,0.0,64,9999,41,9999.0
R38-C40,38,40,28.0,158,158,41,13.0
R90-C48,90,48,40.0,169,169,41,1.0
R36-C45,36,45,41.0,174,174,41,0.0
R8-C40,8,40,0.0,64,9999,41,9999.0
R50-C43,50,43,28.0,158,158,41,13.0
R62-C40,62,40,0.0,64,9999,41,9999.0
R60-C39,60,39,40.0,152,152,41,1.0
R80-C49,80,49,34.0,171,171,41,7.0
R57-C39,57,39,30.0,175,175,41,11.0
R60-C51,60,51,0.0,64,9999,41,9999.0
R62-C52,62,52,0.0,64,9999,41,9999.0
R67-C47,67,47,30.0,158,158,41,11.0
R34-C47,34,47,0.0,64,9999,41,9999.0
R6-C39,6,39,0.0,64,9999,41,9999.0
R55-C50,55,50,0.0,64,9999,41,9999.0
R5-C31,5,31,0.0,64,9999,41,9999.0
R59-C40,59,40,34.0,171,171,41,7.0
R76-C50,76,50,0.0,64,9999,41,9999.0
R15-C42,15,42,0.0,64,9999,41,9999.0
R31-C44,31,44,0.0,64,9999,41,9999.0
R13-C41,13,41,0.0,64,9999,41,9999.0
R4-C32,4,32,0.0,64,9999,41,9999.0
R43-C47,43,47,0.0,64,9999,41,9999.0
R47-C37,47,37,34.0,171,171,41,7.0
R4-C29,4,29,29.0,153,153,41,12.0
R14-C31,14,31,38.0,173,173,41,3.0
R50-C40,50,40,0.0,64,9999,41,9999.0
R7-C35,7,35,0.0,64,9999,41,9999.0
R17-C31,17,31,0.0,64,9999,41,9999.0
R44-C40,44,40,0.0,64,9999,41,9999.0
R19-C32,19,32,0.0,64,9999,41,9999.0
R17-C34,17,34,0.0,64,9999,41,9999.0
R51-C42,51,42,0.0,64,9999,41,9999.0
R30-C39,30,39,35.0,154,154,41,6.0
R23-C40,23,40,0.0,64,9999,41,9999.0
R51-C39,51,39,32.0,175,175,41,9.0
R32-C46,32,46,0.0,64,9999,41,9999.0
R66-C42,66,42,0.0,64,9999,41,9999.0
R22-C41,22,41,30.0,158,158,41,11.0
R45-C45,45,45,35.0,154,154,41,6.0
R26-C34,26,34,0.0,64,9999,41,9999.0
R33-C45,33,45,0.0,64,9999,41,9999.0
R41-C46,41,46,0.0,64,9999,41,9999.0
R77-C43,77,43,39.0,152,152,41,2.0
R69-C48,69,48,29.0,153,153,41,12.0
R49-C41,49,41,0.0,64,9999,41,9999.0
R45-C48,45,48,0.0,64,9999,41,9999.0
R31-C41,31,41,0.0,64,9999,41,9999.0
R78-C48,78,48,0.0,64,9999,41,9999.0
R73-C47,73,47,0.0,64,9999,41,9999.0
R82-C47,82,47,17.0,159,159,41,24.0
R74-C46,74,46,0.0,64,9999,41,9999.0
R80-C46,80,46,0.0,64,9999,41,9999.0
R40-C41,40,41,38.0,173,173,41,3.0
R42-C45,42,45,0.0,64,9999,41,9999.0
R39-C39,39,39,21.0,155,155,41,20.0
R5-C28,5,28,0.0,64,9999,41,9999.0
R33-C36,33,36,30.0,158,158,41,11.0
R22-C32,22,32,0.0,64,9999,41,9999.0
R23-C34,23,34,0.0,64,9999,41,9999.0
R7-C41,7,41,0.0,64,9999,41,9999.0
R59-C49,59,49,0.0,64,9999,41,9999.0
R5-C37,5,37,0.0,64,9999,41,9999.0
R27-C36,27,36,0.0,64,9999,41,9999.0
R26-C43,26,43,0.0,64,9999,41,9999.0
R25-C38,25,38,0.0,64,9999,41,9999.0
R12-C33,12,33,32.0,175,175,41,9.0
R21-C42,21,42,0.0,64,9999,41,9999.0
R24-C42,24,42,0.0,64,9999,41,9999.0
R27-C42,27,42,0.0,64,9999,41,9999.0
R29-C40,29,40,0.0,64,9999,41,9999.0
R53-C40,53,40,0.0,64,9999,41,9999.0
R47-C49,47,49,0.0,64,9999,41,9999.0
R35-C46,35,46,0.0,64,9999,41,9999.0
R11-C37,11,37,0.0,64,9999,41,9999.0
R11-C31,11,31,0.0,64,9999,41,9999.0
R2-C34,2,34,0.0,64,9999,41,9999.0
R23-C43,23,43,0.0,64,9999,41,9999.0
R56-C49,56,49,0.0,64,9999,41,9999.0
R20-C43,20,43,0.0,64,9999,41,9999.0
R67-C50,67,50,0.0,64,9999,41,9999.0
R16-C32,16,32,38.0,156,156,41,3.0
R7-C38,7,38,0.0,64,9999,41,9999.0
R70-C47,70,47,0.0,64,9999,41,9999.0
R26-C40,26,40,0.0,64,9999,41,9999.0
R54-C45,54,45,0.0,64,9999,41,9999.0
R36-C42,36,42,36.0,156,156,41,5.0
R85-C47,85,47,17.0,159,159,41,24.0
R11-C40,11,40,0.0,64,9999,41,9999.0
R32-C37,32,37,21.0,155,155,41,20.0
R64-C53,64,53,0.0,64,9999,41,9999.0
R21-C36,21,36,0.0,64,9999,41,9999.0
R35-C43,35,43,0.0,64,9999,41,9999.0
R31-C38,31,38,0.0,64,9999,41,9999.0
R30-C36,30,36,0.0,64,9999,41,9999.0
R12-C42,12,42,0.0,64,9999,41,9999.0
R54-C39,54,39,31.0,154,154,41,10.0
R39-C45,39,45,0.0,64,9999,41,9999.0
R48-C39,48,39,0.0,64,9999,41,9999.0
R10-C41,10,41,0.0,64,9999,41,9999.0
R23-C37,23,37,0.0,64,9999,41,9999.0
R14-C40,14,40,0.0,64,9999,41,9999.0
R28-C44,28,44,0.0,64,9999,41,9999.0
R30-C33,30,33,40.0,173,173,41,1.0
R2-C31,2,31,0.0,64,9999,41,9999.0
R58-C47,58,47,39.0,169,169,41,2.0
R18-C39,18,39,0.0,64,9999,41,9999.0
R64-C46,64,46,38.0,156,156,41,3.0
R35-C28,35,28,25.0,158,158,41,16.0
R83-C43,83,43,0.0,64,9999,41,9999.0
R86-C37,86,37,35.0,173,173,41,6.0
R95-C43,95,43,0.0,64,9999,41,9999.0
R107-C43,107,43,0.0,64,9999,41,9999.0
R104-C43,104,43,40.0,152,152,41,1.0
R113-C43,113,43,36.0,173,173,41,5.0
R88-C44,88,44,31.0,171,171,41,10.0
R24-C30,24,30,39.0,169,169,41,2.0
R56-C34,56,34,40.0,174,174,41,1.0
R115-C41,115,41,41.0,174,174,41,0.0
R113-C37,113,37,39.0,174,174,41,2.0
R105-C39,105,39,40.0,169,169,41,1.0
R79-C41,79,41,29.0,158,158,41,12.0
R110-C40,110,40,41.0,174,174,41,0.0
R98-C43,98,43,0.0,64,9999,41,9999.0
R96-C45,96,45,41.0,169,169,41,0.0
R75-C42,75,42,40.0,169,169,41,1.0
R81-C36,81,36,32.0,171,171,41,9.0
R110-C37,110,37,30.0,175,175,41,11.0
R106-C44,106,44,0.0,64,9999,41,9999.0
R90-C33,90,33,0.0,64,9999,41,9999.0
R88-C41,88,41,0.0,64,9999,41,9999.0
R69-C33,69,33,0.0,64,9999,41,9999.0
R93-C45,93,45,40.0,152,152,41,1.0
R87-C42,87,42,32.0,154,154,41,9.0
R115-C38,115,38,0.0,64,9999,41,9999.0
R63-C33,63,33,0.0,64,9999,41,9999.0
R98-C46,98,46,0.0,64,9999,41,9999.0
R64-C38,64,38,30.0,158,158,41,11.0
R41-C28,41,28,0.0,64,9999,41,9999.0
R78-C42,78,42,40.0,152,152,41,1.0
R45-C33,45,33,29.0,158,158,41,12.0
R41-C31,41,31,14.0,159,159,41,27.0
R66-C36,66,36,0.0,64,9999,41,9999.0
R90-C39,90,39,40.0,173,173,41,1.0
R79-C38,79,38,40.0,173,173,41,1.0
R99-C45,99,45,31.0,175,175,41,10.0
R117-C39,117,39,25.0,157,157,41,16.0
R89-C43,89,43,40.0,173,173,41,1.0
R62-C34,62,34,32.0,154,154,41,9.0
R86-C40,86,40,0.0,64,9999,41,9999.0
R84-C42,84,42,23.0,155,155,41,18.0
R103-C41,103,41,0.0,64,9999,41,9999.0
R97-C44,97,44,34.0,171,171,41,7.0
R86-C43,86,43,22.0,155,155,41,19.0
R101-C37,101,37,32.0,158,158,41,9.0
R65-C31,65,31,39.0,173,173,41,2.0
R51-C33,51,33,0.0,64,9999,41,9999.0
R13-C23,13,23,31.0,154,154,41,10.0
R43-C35,43,35,0.0,64,9999,41,9999.0
R84-C39,84,39,39.0,156,156,41,2.0
R83-C40,83,40,37.0,171,171,41,4.0
R21-C27,21,27,0.0,64,9999,41,9999.0
R73-C35,73,35,0.0,64,9999,41,9999.0
R42-C30,42,30,0.0,64,9999,41,9999.0
R84-C36,84,36,36.0,171,171,41,5.0
R83-C31,83,31,0.0,64,9999,41,9999.0
R46-C35,46,35,34.0,171,171,41,7.0
R62-C28,62,28,34.0,171,171,41,7.0
R33-C30,33,30,0.0,64,9999,41,9999.0
R68-C28,68,28,34.0,154,154,41,7.0
R87-C33,87,33,0.0,64,9999,41,9999.0
R90-C36,90,36,0.0,64,9999,41,9999.0
R54-C33,54,33,34.0,154,154,41,7.0
R100-C38,100,38,36.0,171,171,41,5.0
R28-C32,28,32,0.0,64,9999,41,9999.0
R72-C33,72,33,19.0,159,159,41,22.0
R30-C30,30,30,0.0,64,9999,41,9999.0
R35-C31,35,31,0.0,64,9999,41,9999.0
R17-C25,17,25,0.0,64,9999,41,9999.0
R124-C41,124,41,31.0,153,153,41,10.0
R79-C32,79,32,30.0,153,153,41,11.0
R56-C28,56,28,31.0,158,158,41,10.0
R74-C31,74,31,36.0,171,171,41,5.0
R3-C27,3,27,0.0,64,9999,41,9999.0
R49-C35,49,35,29.0,157,157,41,12.0
R17-C28,17,28,36.0,171,171,41,5.0
R76-C41,76,41,27.0,157,157,41,14.0
R47-C31,47,31,0.0,64,9999,41,9999.0
R4-C23,4,23,0.0,64,9999,41,9999.0
R34-C32,34,32,0.0,64,9999,41,9999.0
R59-C28,59,28,41.0,173,173,41,0.0
R49-C29,49,29,0.0,64,9999,41,9999.0
R54-C27,54,27,37.0,171,171,41,4.0
R60-C36,60,36,28.0,157,157,41,13.0
R19-C29,19,29,36.0,171,171,41,5.0
R69-C30,69,30,0.0,64,9999,41,9999.0
R83-C34,83,34,38.0,171,171,41,3.0
R33-C33,33,33,32.0,158,158,41,9.0
R36-C30,36,30,40.0,173,173,41,1.0
R49-C26,49,26,36.0,154,154,41,5.0
R12-C27,12,27,0.0,64,9999,41,9999.0
R70-C32,70,32,31.0,153,153,41,10.0
R41-C25,41,25,34.0,175,175,41,7.0
R50-C31,50,31,0.0,64,9999,41,9999.0
R24-C24,24,24,0.0,64,9999,41,9999.0
R15-C27,15,27,0.0,64,9999,41,9999.0
R50-C28,50,28,0.0,64,9999,41,9999.0
R39-C27,39,27,0.0,64,9999,41,9999.0
R14-C28,14,28,0.0,64,9999,41,9999.0
R7-C26,7,26,37.0,171,171,41,4.0
R57-C27,57,27,41.0,173,173,41,0.0
R43-C23,43,23,22.0,155,155,41,19.0
R39-C24,39,24,37.0,171,171,41,4.0
R33-C21,33,21,40.0,156,156,41,1.0
R3-C24,3,24,0.0,64,9999,41,9999.0
R1-C20,1,20,33.0,158,158,41,8.0
R35-C22,35,22,34.0,175,175,41,7.0
R31-C23,31,23,38.0,171,171,41,3.0
R10-C20,10,20,0.0,64,9999,41,9999.0
R4-C20,4,20,38.0,154,154,41,3.0
R38-C22,38,22,36.0,154,154,41,5.0
R1-C14,1,14,0.0,64,9999,41,9999.0
R13-C17,13,17,0.0,64,9999,41,9999.0
R25-C23,25,23,38.0,171,171,41,3.0
R8-C19,8,19,32.0,153,153,41,9.0
R20-C19,20,19,0.0,64,9999,41,9999.0
R3-C15,3,15,32.0,153,153,41,9.0
R1-C17,1,17,37.0,175,175,41,4.0
R107-C40,107,40,39.0,152,152,41,2.0
R82-C41,82,41,39.0,169,169,41,2.0
R91-C44,91,44,28.0,158,158,41,13.0
R118-C41,118,41,0.0,64,9999,41,9999.0
R100-C41,100,41,29.0,158,158,41,12.0
R90-C45,90,45,0.0,64,9999,41,9999.0
R86-C34,86,34,0.0,64,9999,41,9999.0
R77-C40,77,40,38.0,173,173,41,3.0
R105-C45,105,45,0.0,64,9999,41,9999.0
R101-C40,101,40,31.0,175,175,41,10.0
R71-C34,71,34,0.0,64,9999,41,9999.0
R121-C41,121,41,33.0,171,171,41,8.0
R58-C35,58,35,0.0,64,9999,41,9999.0
R99-C42,99,42,38.0,173,173,41,3.0
R18-C24,18,24,0.0,64,9999,41,9999.0
R81-C33,81,33,38.0,156,156,41,3.0
R65-C34,65,34,0.0,64,9999,41,9999.0
R67-C38,67,38,0.0,64,9999,41,9999.0
R12-C24,12,24,0.0,64,9999,41,9999.0
R102-C39,102,39,35.0,171,171,41,6.0
R95-C34,95,34,34.0,154,154,41,7.0
R74-C34,74,34,32.0,175,175,41,9.0
R70-C35,70,35,0.0,64,9999,41,9999.0
R23-C28,23,28,34.0,154,154,41,7.0
R103-C35,103,35,39.0,156,156,41,2.0
R14-C25,14,25,0.0,64,9999,41,9999.0
R67-C32,67,32,31.0,175,175,41,10.0
R52-C35,52,35,0.0,64,9999,41,9999.0
R73-C32,73,32,36.0,171,171,41,5.0
R19-C26,19,26,0.0,64,9999,41,9999.0
R37-C29,37,29,40.0,173,173,41,1.0
R44-C31,44,31,0.0,64,9999,41,9999.0
R15-C30,15,30,0.0,64,9999,41,9999.0
R85-C41,85,41,39.0,156,156,41,2.0
R70-C29,70,29,0.0,64,9999,41,9999.0
R43-C29,43,29,0.0,64,9999,41,9999.0
R38-C25,38,25,28.0,157,157,41,13.0
R68-C31,68,31,0.0,64,9999,41,9999.0
R42-C24,42,24,0.0,64,9999,41,9999.0
R11-C16,11,16,35.0,171,171,41,6.0
R37-C32,37,32,41.0,156,156,41,0.0
R52-C32,52,32,0.0,64,9999,41,9999.0
R16-C23,16,23,38.0,171,171,41,3.0
R45-C24,45,24,28.0,157,157,41,13.0
R48-C24,48,24,0.0,64,9999,41,9999.0
R24-C21,24,21,39.0,171,171,41,2.0
R12-C18,12,18,0.0,64,9999,41,9999.0
R6-C24,6,24,36.0,175,175,41,5.0
R9-C18,9,18,33.0,158,158,41,8.0
R19-C20,19,20,0.0,64,9999,41,9999.0
R92-C43,92,43,38.0,169,169,41,3.0
R111-C42,111,42,38.0,152,152,41,3.0
R108-C42,108,42,0.0,64,9999,41,9999.0
R80-C34,80,34,0.0,64,9999,41,9999.0
R35-C34,35,34,0.0,64,9999,41,9999.0
R91-C41,91,41,0.0,64,9999,41,9999.0
R81-C42,81,42,35.0,171,171,41,6.0
R85-C38,85,38,31.0,175,175,41,10.0
R105-C42,105,42,38.0,156,156,41,3.0
R58-C38,58,38,34.0,171,171,41,7.0
R23-C31,23,31,0.0,64,9999,41,9999.0
R32-C22,32,22,0.0,64,9999,41,9999.0
R79-C35,79,35,0.0,64,9999,41,9999.0
R103-C38,103,38,0.0,64,9999,41,9999.0
R32-C25,32,25,0.0,64,9999,41,9999.0
R97-C41,97,41,38.0,156,156,41,3.0
R82-C35,82,35,0.0,64,9999,41,9999.0
R17-C22,17,22,39.0,171,171,41,2.0
R39-C33,39,33,0.0,64,9999,41,9999.0
R8-C22,8,22,0.0,64,9999,41,9999.0
R95-C46,95,46,0.0,64,9999,41,9999.0
R109-C41,109,41,30.0,153,153,41,11.0
R71-C31,71,31,0.0,64,9999,41,9999.0
R9-C24,9,24,39.0,173,173,41,2.0
R8-C28,8,28,36.0,171,171,41,5.0
R46-C29,46,29,41.0,156,156,41,0.0
R51-C27,51,27,0.0,64,9999,41,9999.0
R38-C34,38,34,31.0,175,175,41,10.0
R45-C27,45,27,41.0,169,169,41,0.0
R48-C33,48,33,31.0,175,175,41,10.0
R76-C35,76,35,38.0,173,173,41,3.0
R66-C39,66,39,36.0,171,171,41,5.0
R57-C30,57,30,37.0,154,154,41,4.0
R29-C22,29,22,35.0,175,175,41,6.0
R25-C20,25,20,0.0,64,9999,41,9999.0
R97-C38,97,38,30.0,175,175,41,11.0
R100-C44,100,44,39.0,173,173,41,2.0
R56-C3,56,3,0.0,64,9999,41,9999.0
R9-C15,9,15,0.0,64,9999,41,9999.0
R77-C37,77,37,30.0,153,153,41,11.0
R34-C26,34,26,0.0,64,9999,41,9999.0
R23-C25,23,25,0.0,64,9999,41,9999.0
R64-C43,64,43,35.0,170,170,41,6.0
R60-C27,60,27,34.0,154,154,41,7.0
R20-C25,20,25,0.0,64,9999,41,9999.0
R39-C15,39,15,38.0,153,153,41,3.0
R47-C10,47,10,39.0,158,158,41,2.0
R33-C9,33,9,40.0,158,158,41,1.0
R52-C14,52,14,39.0,157,157,41,2.0
R34-C11,34,11,36.0,157,157,41,5.0
R33-C12,33,12,33.0,155,155,41,8.0
R22-C11,22,11,32.0,155,155,41,9.0
R110-C25,110,25,35.0,174,174,41,6.0
R109-C29,109,29,40.0,170,170,41,1.0
R108-C27,108,27,39.0,170,170,41,2.0
R116-C31,116,31,36.0,169,169,41,5.0
R119-C28,119,28,38.0,174,174,41,3.0
R124-C26,124,26,40.0,170,170,41,1.0
R110-C28,110,28,37.0,152,152,41,4.0
R124-C29,124,29,40.0,174,174,41,1.0
R126-C33,126,33,40.0,169,169,41,1.0
R126-C36,126,36,33.0,171,171,41,8.0
R116-C37,116,37,0.0,64,9999,41,9999.0
R92-C25,92,25,40.0,152,152,41,1.0
R71-C28,71,28,0.0,64,9999,41,9999.0
R101-C28,101,28,40.0,152,152,41,1.0
R101-C34,101,34,0.0,64,9999,41,9999.0
R110-C31,110,31,37.0,173,173,41,4.0
R120-C30,120,30,32.0,154,154,41,9.0
R121-C35,121,35,0.0,64,9999,41,9999.0
R114-C30,114,30,37.0,156,156,41,4.0
R117-C33,117,33,41.0,152,152,41,0.0
R96-C21,96,21,33.0,154,154,41,8.0
R104-C31,104,31,37.0,156,156,41,4.0
R124-C38,124,38,0.0,64,9999,41,9999.0
R108-C33,108,33,34.0,171,171,41,7.0
R111-C33,111,33,39.0,173,173,41,2.0
R99-C21,99,21,0.0,64,9999,41,9999.0
R96-C27,96,27,30.0,175,175,41,11.0
R115-C32,115,32,38.0,173,173,41,3.0
R127-C38,127,38,0.0,64,9999,41,9999.0
R120-C33,120,33,29.0,153,153,41,12.0
R111-C30,111,30,38.0,156,156,41,3.0
R102-C33,102,33,40.0,173,173,41,1.0
R123-C33,123,33,0.0,64,9999,41,9999.0
R124-C32,124,32,0.0,64,9999,41,9999.0
R96-C30,96,30,33.0,154,154,41,8.0
R116-C25,116,25,32.0,175,175,41,9.0
R127-C29,127,29,40.0,173,173,41,1.0
R109-C32,109,32,0.0,64,9999,41,9999.0
R87-C21,87,21,38.0,156,156,41,3.0
R108-C24,108,24,35.0,171,171,41,6.0
R126-C30,126,30,0.0,64,9999,41,9999.0
R95-C22,95,22,40.0,173,173,41,1.0
R101-C22,101,22,34.0,154,154,41,7.0
R99-C30,99,30,37.0,171,171,41,4.0
R107-C31,107,31,0.0,64,9999,41,9999.0
R125-C37,125,37,38.0,171,171,41,3.0
R102-C24,102,24,0.0,64,9999,41,9999.0
R80-C28,80,28,0.0,64,9999,41,9999.0
R123-C27,123,27,0.0,64,9999,41,9999.0
R100-C23,100,23,0.0,64,9999,41,9999.0
R86-C19,86,19,40.0,156,156,41,1.0
R94-C29,94,29,0.0,64,9999,41,9999.0
R55-C23,55,23,0.0,64,9999,41,9999.0
R95-C28,95,28,0.0,64,9999,41,9999.0
R74-C22,74,22,26.0,157,157,41,15.0
R65-C19,65,19,30.0,158,158,41,11.0
R84-C24,84,24,38.0,171,171,41,3.0
R100-C32,100,32,38.0,171,171,41,3.0
R61-C26,61,26,0.0,64,9999,41,9999.0
R98-C28,98,28,34.0,175,175,41,7.0
R118-C29,118,29,38.0,171,171,41,3.0
R35-C19,35,19,0.0,64,9999,41,9999.0
R104-C25,104,25,38.0,154,154,41,3.0
R78-C24,78,24,0.0,64,9999,41,9999.0
R31-C17,31,17,0.0,64,9999,41,9999.0
R72-C24,72,24,0.0,64,9999,41,9999.0
R98-C25,98,25,41.0,173,173,41,0.0
R42-C21,42,21,0.0,64,9999,41,9999.0
R36-C15,36,15,38.0,171,171,41,3.0
R86-C25,86,25,0.0,64,9999,41,9999.0
R61-C23,61,23,0.0,64,9999,41,9999.0
R106-C26,106,26,39.0,171,171,41,2.0
R111-C27,111,27,0.0,64,9999,41,9999.0
R44-C22,44,22,0.0,64,9999,41,9999.0
R63-C24,63,24,0.0,64,9999,41,9999.0
R97-C23,97,23,0.0,64,9999,41,9999.0
R60-C21,60,21,0.0,64,9999,41,9999.0
R59-C25,59,25,0.0,64,9999,41,9999.0
R111-C24,111,24,0.0,64,9999,41,9999.0
R121-C26,121,26,35.0,175,175,41,6.0
R47-C22,47,22,0.0,64,9999,41,9999.0
R36-C21,36,21,0.0,64,9999,41,9999.0
R21-C15,21,15,0.0,64,9999,41,9999.0
R62-C16,62,16,0.0,64,9999,41,9999.0
R37-C20,37,20,0.0,64,9999,41,9999.0
R15-C12,15,12,0.0,64,9999,41,9999.0
R84-C18,84,18,38.0,171,171,41,3.0
R40-C20,40,20,0.0,64,9999,41,9999.0
R79-C26,79,26,0.0,64,9999,41,9999.0
R67-C20,67,20,0.0,64,9999,41,9999.0
R103-C23,103,23,35.0,175,175,41,6.0
R51-C18,51,18,0.0,64,9999,41,9999.0
R78-C21,78,21,0.0,64,9999,41,9999.0
R53-C19,53,19,0.0,64,9999,41,9999.0
R38-C19,38,19,0.0,64,9999,41,9999.0
R94-C23,94,23,0.0,64,9999,41,9999.0
R91-C20,91,20,38.0,171,171,41,3.0
R8-C13,8,13,0.0,64,9999,41,9999.0
R66-C18,66,18,0.0,64,9999,41,9999.0
R60-C18,60,18,32.0,153,153,41,9.0
R46-C20,46,20,0.0,64,9999,41,9999.0
R50-C16,50,16,0.0,64,9999,41,9999.0
R47-C19,47,19,0.0,64,9999,41,9999.0
R68-C19,68,19,0.0,64,9999,41,9999.0
R57-C15,57,15,0.0,64,9999,41,9999.0
R6-C15,6,15,0.0,64,9999,41,9999.0
R24-C15,24,15,0.0,64,9999,41,9999.0
R49-C14,49,14,0.0,64,9999,41,9999.0
R57-C21,57,21,0.0,64,9999,41,9999.0
R80-C19,80,19,0.0,64,9999,41,9999.0
R45-C15,45,15,0.0,64,9999,41,9999.0
R50-C13,50,13,0.0,64,9999,41,9999.0
R79-C17,79,17,0.0,64,9999,41,9999.0
R79-C20,79,20,0.0,64,9999,41,9999.0
R9-C12,9,12,0.0,64,9999,41,9999.0
R17-C16,17,16,0.0,64,9999,41,9999.0
R74-C16,74,16,0.0,64,9999,41,9999.0
R49-C17,49,17,39.0,171,171,41,2.0
R58-C17,58,17,40.0,171,171,41,1.0
R51-C15,51,15,0.0,64,9999,41,9999.0
R25-C14,25,14,0.0,64,9999,41,9999.0
R59-C16,59,16,0.0,64,9999,41,9999.0
R55-C14,55,14,0.0,64,9999,41,9999.0
R48-C15,48,15,35.0,153,153,41,6.0
R66-C15,66,15,0.0,64,9999,41,9999.0
R23-C13,23,13,0.0,64,9999,41,9999.0
R75-C18,75,18,0.0,64,9999,41,9999.0
R26-C13,26,13,0.0,64,9999,41,9999.0
R47-C16,47,16,34.0,158,158,41,7.0
R76-C23,76,23,40.0,154,154,41,1.0
R73-C17,73,17,38.0,175,175,41,3.0
R26-C10,26,10,0.0,64,9999,41,9999.0
R54-C18,54,18,39.0,154,154,41,2.0
R24-C9,24,9,0.0,64,9999,41,9999.0
R63-C18,63,18,40.0,154,154,41,1.0
R25-C11,25,11,0.0,64,9999,41,9999.0
R38-C10,38,10,0.0,64,9999,41,9999.0
R30-C12,30,12,0.0,64,9999,41,9999.0
R64-C14,64,14,37.0,175,175,41,4.0
R61-C14,61,14,0.0,64,9999,41,9999.0
R59-C13,59,13,38.0,175,175,41,3.0
R106-C14,106,14,0.0,64,9999,41,9999.0
R105-C27,105,27,38.0,174,174,41,3.0
R98-C22,98,22,37.0,173,173,41,4.0
R115-C35,115,35,33.0,171,171,41,8.0
R119-C37,119,37,35.0,171,171,41,6.0
R90-C30,90,30,38.0,173,173,41,3.0
R107-C34,107,34,34.0,171,171,41,7.0
R121-C38,121,38,0.0,64,9999,41,9999.0
R106-C35,106,35,0.0,64,9999,41,9999.0
R69-C18,69,18,0.0,64,9999,41,9999.0
R70-C26,70,26,0.0,64,9999,41,9999.0
R113-C25,113,25,0.0,64,9999,41,9999.0
R32-C19,32,19,0.0,64,9999,41,9999.0
R89-C22,89,22,0.0,64,9999,41,9999.0
R93-C30,93,30,0.0,64,9999,41,9999.0
R118-C26,118,26,0.0,64,9999,41,9999.0
R93-C21,93,21,0.0,64,9999,41,9999.0
R85-C29,85,29,0.0,64,9999,41,9999.0
R35-C16,35,16,0.0,64,9999,41,9999.0
R39-C18,39,18,0.0,64,9999,41,9999.0
R31-C14,31,14,0.0,64,9999,41,9999.0
R48-C18,48,18,0.0,64,9999,41,9999.0
R49-C20,49,20,0.0,64,9999,41,9999.0
R12-C12,12,12,0.0,64,9999,41,9999.0
R50-C19,50,19,0.0,64,9999,41,9999.0
R28-C17,28,17,0.0,64,9999,41,9999.0
R25-C17,25,17,0.0,64,9999,41,9999.0
R51-C21,51,21,0.0,64,9999,41,9999.0
R71-C19,71,19,0.0,64,9999,41,9999.0
R53-C16,53,16,0.0,64,9999,41,9999.0
R41-C13,41,13,0.0,64,9999,41,9999.0
R15-C15,15,15,0.0,64,9999,41,9999.0
R64-C17,64,17,38.0,156,156,41,3.0
R30-C15,30,15,0.0,64,9999,41,9999.0
R20-C10,20,10,0.0,64,9999,41,9999.0
R66-C21,66,21,36.0,175,175,41,5.0
R37-C11,37,11,0.0,64,9999,41,9999.0
R54-C12,54,12,0.0,64,9999,41,9999.0
R125-C34,125,34,32.0,171,171,41,9.0
R117-C27,117,27,0.0,64,9999,41,9999.0
R24-C18,24,18,0.0,64,9999,41,9999.0
R97-C26,97,26,38.0,171,171,41,3.0
R27-C15,27,15,0.0,64,9999,41,9999.0
R88-C20,88,20,0.0,64,9999,41,9999.0
R14-C13,14,13,0.0,64,9999,41,9999.0
R42-C15,42,15,0.0,64,9999,41,9999.0
R10-C14,10,14,0.0,64,9999,41,9999.0
R111-C36,111,36,0.0,64,9999,41,9999.0
R54-C24,54,24,0.0,64,9999,41,9999.0
R88-C29,88,29,0.0,64,9999,41,9999.0
R56-C22,56,22,0.0,64,9999,41,9999.0
R62-C19,62,19,0.0,64,9999,41,9999.0
R82-C26,82,26,0.0,64,9999,41,9999.0
R117-C30,117,30,0.0,64,9999,41,9999.0
R76-C26,76,26,0.0,64,9999,41,9999.0
R89-C25,89,25,0.0,64,9999,41,9999.0
R88-C23,88,23,0.0,64,9999,41,9999.0
R85-C20,85,20,0.0,64,9999,41,9999.0
R72-C18,72,18,0.0,64,9999,41,9999.0
R108-C30,108,30,0.0,64,9999,41,9999.0
R38-C16,38,16,0.0,64,9999,41,9999.0
R19-C17,19,17,0.0,64,9999,41,9999.0
R22-C17,22,17,0.0,64,9999,41,9999.0
R40-C17,40,17,0.0,64,9999,41,9999.0
R107-C25,107,25,0.0,64,9999,41,9999.0
R65-C13,65,13,38.0,158,158,41,3.0
R70-C11,70,11,40.0,175,175,41,1.0
R50-C10,50,10,37.0,158,158,41,4.0
R87-C9,87,9,0.0,64,9999,41,9999.0
R75-C9,75,9,0.0,64,9999,41,9999.0
R84-C9,84,9,39.0,154,154,41,2.0
R79-C11,79,11,27.0,155,155,41,14.0
R64-C8,64,8,38.0,153,153,41,3.0
R52-C11,52,11,38.0,153,153,41,3.0
R73-C14,73,14,40.0,158,158,41,1.0
R78-C9,78,9,35.0,153,153,41,6.0
R61-C11,61,11,39.0,158,158,41,2.0
R62-C10,62,10,37.0,153,153,41,4.0
R83-C10,83,10,38.0,158,158,41,3.0
R80-C10,80,10,33.0,157,157,41,8.0
R73-C8,73,8,0.0,64,9999,41,9999.0
R67-C5,67,5,40.0,175,175,41,1.0
R65-C10,65,10,38.0,153,153,41,3.0
R73-C11,73,11,39.0,158,158,41,2.0
R51-C9,51,9,40.0,153,153,41,1.0
R35-C7,35,7,37.0,157,157,41,4.0
R66-C9,66,9,38.0,153,153,41,3.0
R63-C12,63,12,39.0,153,153,41,2.0
R77-C7,77,7,0.0,64,9999,41,9999.0
R54-C9,54,9,40.0,153,153,41,1.0
R56-C7,56,7,30.0,155,155,41,11.0
R38-C7,38,7,0.0,64,9999,41,9999.0
R37-C8,37,8,38.0,157,157,41,3.0
R61-C8,61,8,30.0,155,155,41,11.0
R47-C7,47,7,36.0,157,157,41,5.0
R49-C8,49,8,38.0,157,157,41,3.0
R55-C8,55,8,38.0,157,157,41,3.0
R39-C6,39,6,32.0,155,155,41,9.0
R62-C7,62,7,33.0,155,155,41,8.0
R54-C6,54,6,40.0,157,157,41,1.0
R51-C6,51,6,27.0,159,159,41,14.0
R46-C5,46,5,31.0,155,155,41,10.0
R66-C6,66,6,0.0,64,9999,41,9999.0
R53-C4,53,4,0.0,64,9999,41,9999.0
R48-C6,48,6,37.0,157,157,41,4.0
R49-C5,49,5,39.0,157,157,41,2.0
R59-C7,59,7,40.0,155,155,41,1.0
R43-C5,43,5,37.0,155,155,41,4.0
R59-C4,59,4,0.0,64,9999,41,9999.0
R60-C6,60,6,36.0,155,155,41,5.0
R58-C5,58,5,37.0,159,159,41,4.0
R55-C5,55,5,39.0,155,155,41,2.0
R63-C3,63,3,0.0,64,9999,41,9999.0
R8-C6,8,6,40.0,175,175,41,1.0
R13-C1,13,1,36.0,153,153,41,5.0
R25-C16,25,16,0.0,64,9999,41,9999.0
R21-C2,21,2,0.0,64,9999,41,9999.0
R27-C8,27,8,39.0,158,158,41,2.0
R29-C9,29,9,38.0,153,153,41,3.0
R19-C4,19,4,37.0,157,157,41,4.0
R16-C4,16,4,0.0,64,9999,41,9999.0
R29-C6,29,6,40.0,157,157,41,1.0
R29-C3,29,3,36.0,155,155,41,5.0
R26-C3,26,3,41.0,157,157,41,0.0
R29-C45,29,45,37.0,170,170,41,4.0
R29-C51,29,51,37.0,170,170,41,4.0
R29-C48,29,48,40.0,170,170,41,1.0
R29-C42,29,42,35.0,169,169,41,6.0
R28-C40,28,40,38.0,174,174,41,3.0
R18-C47,18,47,0.0,64,9999,41,9999.0
R28-C31,28,31,31.0,171,171,41,10.0
R15-C38,15,38,40.0,156,156,41,1.0
R2-C45,2,45,40.0,173,173,41,1.0
R27-C20,27,20,39.0,174,174,41,2.0
R18-C44,18,44,39.0,173,173,41,2.0
R23-C33,23,33,39.0,174,174,41,2.0
R31-C46,31,46,39.0,169,169,41,2.0
R26-C42,26,42,39.0,156,156,41,2.0
R18-C38,18,38,38.0,173,173,41,3.0
R23-C36,23,36,40.0,156,156,41,1.0
R23-C39,23,39,39.0,169,169,41,2.0
R5-C51,5,51,38.0,171,171,41,3.0
R2-C39,2,39,32.0,171,171,41,9.0
R8-C51,8,51,0.0,64,9999,41,9999.0
R17-C24,17,24,39.0,156,156,41,2.0
R4-C37,4,37,0.0,64,9999,41,9999.0
R7-C40,7,40,38.0,173,173,41,3.0
R30-C26,30,26,39.0,173,173,41,2.0
R7-C37,7,37,38.0,156,156,41,3.0
R10-C49,10,49,0.0,64,9999,41,9999.0
R31-C37,31,37,40.0,169,169,41,1.0
R23-C42,23,42,0.0,64,9999,41,9999.0
R21-C44,21,44,0.0,64,9999,41,9999.0
R26-C45,26,45,34.0,171,171,41,7.0
R12-C29,12,29,40.0,152,152,41,1.0
R15-C35,15,35,36.0,171,171,41,5.0
R2-C48,2,48,0.0,64,9999,41,9999.0
R21-C50,21,50,40.0,156,156,41,1.0
R18-C41,18,41,34.0,171,171,41,7.0
R20-C30,20,30,40.0,156,156,41,1.0
R24-C50,24,50,33.0,154,154,41,8.0
R12-C35,12,35,37.0,173,173,41,4.0
R31-C40,31,40,35.0,171,171,41,6.0
R15-C41,15,41,34.0,171,171,41,7.0
R28-C34,28,34,34.0,171,171,41,7.0
R10-C37,10,37,0.0,64,9999,41,9999.0
R17-C30,17,30,0.0,64,9999,41,9999.0
R5-C45,5,45,0.0,64,9999,41,9999.0
R31-C28,31,28,38.0,173,173,41,3.0
R13-C49,13,49,34.0,154,154,41,7.0
R31-C43,31,43,40.0,173,173,41,1.0
R4-C40,4,40,0.0,64,9999,41,9999.0
R10-C46,10,46,33.0,154,154,41,8.0
R11-C18,11,18,40.0,156,156,41,1.0
R12-C26,12,26,35.0,171,171,41,6.0
R9-C26,9,26,39.0,156,156,41,2.0
R14-C18,14,18,39.0,154,154,41,2.0
R17-C18,17,18,33.0,171,171,41,8.0
R10-C43,10,43,39.0,173,173,41,2.0
R3-C14,3,14,37.0,154,154,41,4.0
R18-C50,18,50,0.0,64,9999,41,9999.0
R12-C32,12,32,39.0,171,171,41,2.0
R14-C24,14,24,39.0,173,173,41,2.0
R31-C34,31,34,33.0,154,154,41,8.0
R13-C46,13,46,36.0,171,171,41,5.0
R5-C48,5,48,0.0,64,9999,41,9999.0
R7-C34,7,34,0.0,64,9999,41,9999.0
R7-C43,7,43,39.0,173,173,41,2.0
R14-C27,14,27,39.0,173,173,41,2.0
R25-C25,25,25,0.0,64,9999,41,9999.0
R10-C40,10,40,0.0,64,9999,41,9999.0
R4-C28,4,28,40.0,173,173,41,1.0
R17-C27,17,27,0.0,64,9999,41,9999.0
R1-C34,1,34,40.0,173,173,41,1.0
R12-C38,12,38,37.0,171,171,41,4.0
R20-C36,20,36,0.0,64,9999,41,9999.0
R4-C34,4,34,35.0,154,154,41,6.0
R22-C25,22,25,33.0,154,154,41,8.0
R6-C17,6,17,0.0,64,9999,41,9999.0
R3-C20,3,20,0.0,64,9999,41,9999.0
R9-C23,9,23,0.0,64,9999,41,9999.0
R23-C30,23,30,36.0,154,154,41,5.0
R25-C22,25,22,36.0,171,171,41,5.0
R1-C28,1,28,40.0,173,173,41,1.0
R1-C22,1,22,40.0,173,173,41,1.0
R1-C25,1,25,40.0,173,173,41,1.0
R6-C26,6,26,0.0,64,9999,41,9999.0
R9-C32,9,32,34.0,175,175,41,7.0
R28-C25,28,25,40.0,173,173,41,1.0
R6-C20,6,20,38.0,154,154,41,3.0
R30-C17,30,17,36.0,154,154,41,5.0
R20-C24,20,24,32.0,175,175,41,9.0
R4-C31,4,31,38.0,171,171,41,3.0
R31-C31,31,31,33.0,175,175,41,8.0
R6-C23,6,23,0.0,64,9999,41,9999.0
R20-C27,20,27,36.0,171,171,41,5.0
R19-C22,19,22,0.0,64,9999,41,9999.0
R15-C32,15,32,0.0,64,9999,41,9999.0
R22-C28,22,28,37.0,154,154,41,4.0
R19-C19,19,19,0.0,64,9999,41,9999.0
R11-C12,11,12,39.0,154,154,41,2.0
R30-C23,30,23,37.0,171,171,41,4.0
R19-C13,19,13,33.0,175,175,41,8.0
R3-C17,3,17,0.0,64,9999,41,9999.0
R17-C21,17,21,0.0,64,9999,41,9999.0
R14-C12,14,12,33.0,175,175,41,8.0
R9-C20,9,20,38.0,171,171,41,3.0
R8-C9,8,9,36.0,171,171,41,5.0
R27-C17,27,17,33.0,175,175,41,8.0
R6-C14,6,14,39.0,171,171,41,2.0
R3-C11,3,11,0.0,64,9999,41,9999.0
R16-C10,16,10,36.0,171,171,41,5.0
R14-C15,14,15,0.0,64,9999,41,9999.0
R25-C19,25,19,39.0,171,171,41,2.0
R22-C19,22,19,40.0,171,171,41,1.0
R14-C21,14,21,0.0,64,9999,41,9999.0
R27-C14,27,14,40.0,171,171,41,1.0
R11-C15,11,15,0.0,64,9999,41,9999.0
R30-C14,30,14,0.0,64,9999,41,9999.0
R24-C5,24,5,39.0,154,154,41,2.0
R11-C6,11,6,0.0,64,9999,41,9999.0
R3-C8,3,8,41.0,171,171,41,0.0
R5-C6,5,6,0.0,64,9999,41,9999.0
R16-C13,16,13,38.0,175,175,41,3.0
R27-C11,27,11,40.0,171,171,41,1.0
R16-C7,16,7,40.0,171,171,41,1.0
R19-C7,19,7,0.0,64,9999,41,9999.0
R19-C10,19,10,36.0,153,153,41,5.0
R24-C8,24,8,0.0,64,9999,41,9999.0
R27-C5,27,5,38.0,175,175,41,3.0
R30-C11,30,11,38.0,175,175,41,3.0
R13-C4,13,4,35.0,153,153,41,6.0
R24-C2,24,2,0.0,64,9999,41,9999.0
R21-C5,21,5,17.0,184,184,41,24.0
R21-C47,21,47,0.0,64,9999,41,9999.0
R26-C39,26,39,0.0,64,9999,41,9999.0
R15-C44,15,44,40.0,152,152,41,1.0
R25-C28,25,28,0.0,64,9999,41,9999.0
R25-C34,25,34,33.0,154,154,41,8.0
R28-C22,28,22,35.0,171,171,41,6.0
R16-C49,16,49,0.0,64,9999,41,9999.0
R2-C51,2,51,0.0,64,9999,41,9999.0
R7-C46,7,46,0.0,64,9999,41,9999.0
R7-C49,7,49,0.0,64,9999,41,9999.0
R13-C43,13,43,0.0,64,9999,41,9999.0
R6-C29,6,29,39.0,173,173,41,2.0
R1-C31,1,31,0.0,64,9999,41,9999.0
R26-C36,26,36,0.0,64,9999,41,9999.0
R30-C20,30,20,0.0,64,9999,41,9999.0
R22-C22,22,22,39.0,171,171,41,2.0
R19-C16,19,16,0.0,64,9999,41,9999.0
R22-C16,22,16,35.0,175,175,41,6.0
R1-C19,1,19,0.0,64,9999,41,9999.0
R22-C13,22,13,0.0,64,9999,41,9999.0
R11-C9,11,9,0.0,64,9999,41,9999.0
R22-C10,22,10,0.0,64,9999,41,9999.0
R16-C1,16,1,0.0,64,9999,41,9999.0
R20-C33,20,33,35.0,173,173,41,6.0
R28-C28,28,28,37.0,169,169,41,4.0
R26-C48,26,48,0.0,64,9999,41,9999.0
R9-C29,9,29,0.0,64,9999,41,9999.0
R5-C3,5,3,0.0,64,9999,41,9999.0
R20-C42,20,42,40.0,174,174,41,1.0
R2-C42,2,42,0.0,64,9999,41,9999.0
R28-C37,28,37,0.0,64,9999,41,9999.0
R21-C8,21,8,0.0,64,9999,41,9999.0
R8-C3,8,3,0.0,64,9999,41,9999.0
R24-C11,24,11,0.0,64,9999,41,9999.0
R25-C31,25,31,0.0,64,9999,41,9999.0
R15-C47,15,47,0.0,64,9999,41,9999.0
R26-C51,26,51,0.0,64,9999,41,9999.0
R46-C13,46,13,39.0,155,155,41,2.0
R51-C8,51,8,37.0,158,158,41,4.0
R54-C8,54,8,0.0,64,9999,41,9999.0
R43-C13,43,13,37.0,175,175,41,4.0
R59-C6,59,6,40.0,153,153,41,1.0
R40-C7,40,7,0.0,64,9999,41,9999.0
R59-C9,59,9,0.0,64,9999,41,9999.0
R38-C12,38,12,0.0,64,9999,41,9999.0
R40-C4,40,4,0.0,64,9999,41,9999.0
R40-C1,40,1,39.0,175,175,41,2.0
R35-C3,35,3,0.0,64,9999,41,9999.0
R51-C2,51,2,0.0,64,9999,41,9999.0
R49-C13,49,13,39.0,153,153,41,2.0
R37-C4,37,4,0.0,64,9999,41,9999.0
R62-C6,62,6,0.0,64,9999,41,9999.0
R48-C11,48,11,35.0,157,157,41,6.0
R40-C10,40,10,36.0,157,157,41,5.0
R43-C10,43,10,39.0,157,157,41,2.0
R37-C1,37,1,0.0,64,9999,41,9999.0
R32-C3,32,3,36.0,155,155,41,5.0
R46-C7,46,7,40.0,157,157,41,1.0
R43-C7,43,7,37.0,155,155,41,4.0
R48-C5,48,5,36.0,159,159,41,5.0
R45-C5,45,5,38.0,159,159,41,3.0
R34-C1,34,1,40.0,159,159,41,1.0
R43-C4,43,4,0.0,64,9999,41,9999.0
R48-C2,48,2,36.0,159,159,41,5.0
R32-C51,32,51,39.0,139,139,41,2.0
R45-C47,45,47,40.0,143,143,41,1.0
R42-C38,42,38,40.0,143,143,41,1.0
R48-C50,48,50,40.0,172,172,41,1.0
R47-C45,47,45,37.0,170,170,41,4.0
R45-C50,45,50,38.0,170,170,41,3.0
R44-C39,44,39,38.0,170,170,41,3.0
R47-C42,47,42,26.0,171,171,41,15.0
R48-C47,48,47,33.0,156,156,41,8.0
R34-C40,34,40,40.0,174,174,41,1.0
R45-C44,45,44,36.0,169,169,41,5.0
R47-C39,47,39,39.0,170,170,41,2.0
R45-C41,45,41,33.0,156,156,41,8.0
R44-C33,44,33,39.0,170,170,41,2.0
R47-C30,47,30,36.0,169,169,41,5.0
R34-C37,34,37,39.0,174,174,41,2.0
R42-C35,42,35,40.0,170,170,41,1.0
R34-C46,34,46,39.0,174,174,41,2.0
R47-C33,47,33,38.0,174,174,41,3.0
R34-C43,34,43,40.0,154,154,41,1.0
R47-C36,47,36,35.0,173,173,41,6.0
R44-C30,44,30,36.0,169,169,41,5.0
R33-C32,33,32,38.0,152,152,41,3.0
R47-C27,47,27,38.0,174,174,41,3.0
R41-C30,41,30,38.0,152,152,41,3.0
R53-C45,53,45,39.0,173,173,41,2.0
R56-C51,56,51,40.0,173,173,41,1.0
R38-C24,38,24,38.0,174,174,41,3.0
R44-C27,44,27,40.0,174,174,41,1.0
R41-C27,41,27,40.0,174,174,41,1.0
R44-C24,44,24,39.0,169,169,41,2.0
R50-C39,50,39,37.0,154,154,41,4.0
R32-C48,32,48,40.0,152,152,41,1.0
R33-C23,33,23,40.0,171,171,41,1.0
R36-C29,36,29,39.0,152,152,41,2.0
R56-C48,56,48,40.0,152,152,41,1.0
R59-C51,59,51,36.0,156,156,41,5.0
R37-C49,37,49,31.0,175,175,41,10.0
R39-C38,39,38,0.0,64,9999,41,9999.0
R58-C40,58,40,40.0,152,152,41,1.0
R40-C49,40,49,33.0,171,171,41,8.0
R61-C46,61,46,38.0,173,173,41,3.0
R61-C49,61,49,40.0,169,169,41,1.0
R50-C36,50,36,0.0,64,9999,41,9999.0
R39-C35,39,35,40.0,173,173,41,1.0
R41-C21,41,21,33.0,171,171,41,8.0
R63-C35,63,35,41.0,169,169,41,0.0
R37-C40,37,40,38.0,156,156,41,3.0
R39-C44,39,44,0.0,64,9999,41,9999.0
R56-C45,56,45,39.0,173,173,41,2.0
R53-C39,53,39,31.0,175,175,41,10.0
R63-C32,63,32,39.0,156,156,41,2.0
R55-C34,55,34,40.0,169,169,41,1.0
R34-C34,34,34,0.0,64,9999,41,9999.0
R53-C48,53,48,0.0,64,9999,41,9999.0
R40-C46,40,46,0.0,64,9999,41,9999.0
R37-C43,37,43,39.0,173,173,41,2.0
R36-C35,36,35,39.0,156,156,41,2.0
R61-C43,61,43,39.0,173,173,41,2.0
R36-C38,36,38,36.0,171,171,41,5.0
R61-C37,61,37,0.0,64,9999,41,9999.0
R50-C33,50,33,0.0,64,9999,41,9999.0
R34-C49,34,49,0.0,64,9999,41,9999.0
R61-C40,61,40,40.0,173,173,41,1.0
R58-C37,58,37,39.0,173,173,41,2.0
R38-C21,38,21,0.0,64,9999,41,9999.0
R60-C26,60,26,39.0,171,171,41,2.0
R41-C24,41,24,41.0,169,169,41,0.0
R55-C28,55,28,38.0,173,173,41,3.0
R33-C20,33,20,40.0,173,173,41,1.0
R33-C26,33,26,32.0,175,175,41,9.0
R39-C29,39,29,41.0,173,173,41,0.0
R63-C29,63,29,0.0,64,9999,41,9999.0
R33-C29,33,29,0.0,64,9999,41,9999.0
R55-C37,55,37,31.0,158,158,41,10.0
R60-C32,60,32,0.0,64,9999,41,9999.0
R52-C34,52,34,0.0,64,9999,41,9999.0
R55-C31,55,31,31.0,153,153,41,10.0
R39-C32,39,32,37.0,171,171,41,4.0
R49-C28,49,28,0.0,64,9999,41,9999.0
R46-C22,46,22,40.0,156,156,41,1.0
R52-C28,52,28,36.0,171,171,41,5.0
R60-C29,60,29,0.0,64,9999,41,9999.0
R63-C26,63,26,37.0,171,171,41,4.0
R57-C20,57,20,40.0,171,171,41,1.0
R60-C23,60,23,38.0,171,171,41,3.0
R52-C25,52,25,36.0,171,171,41,5.0
R36-C23,36,23,36.0,171,171,41,5.0
R35-C21,35,21,0.0,64,9999,41,9999.0
R46-C19,46,19,36.0,171,171,41,5.0
R38-C15,38,15,39.0,154,154,41,2.0
R60-C20,60,20,40.0,173,173,41,1.0
R58-C34,58,34,35.0,175,175,41,6.0
R36-C32,36,32,36.0,154,154,41,5.0
R33-C17,33,17,0.0,64,9999,41,9999.0
R36-C26,36,26,38.0,171,171,41,3.0
R52-C22,52,22,0.0,64,9999,41,9999.0
R49-C22,49,22,39.0,171,171,41,2.0
R43-C19,43,19,37.0,171,171,41,4.0
R58-C31,58,31,0.0,64,9999,41,9999.0
R49-C19,49,19,37.0,154,154,41,4.0
R38-C18,38,18,36.0,154,154,41,5.0
R35-C15,35,15,36.0,154,154,41,5.0
R62-C12,62,12,40.0,154,154,41,1.0
R35-C18,35,18,0.0,64,9999,41,9999.0
R44-C21,44,21,41.0,171,171,41,0.0
R51-C14,51,14,0.0,64,9999,41,9999.0
R49-C16,49,16,0.0,64,9999,41,9999.0
R35-C9,35,9,40.0,154,154,41,1.0
R54-C14,54,14,40.0,154,154,41,1.0
R38-C9,38,9,39.0,171,171,41,2.0
R57-C14,57,14,33.0,153,153,41,8.0
R43-C16,43,16,36.0,175,175,41,5.0
R54-C11,54,11,40.0,171,171,41,1.0
R37-C7,37,7,0.0,64,9999,41,9999.0
R32-C6,32,6,0.0,64,9999,41,9999.0
R51-C11,51,11,0.0,64,9999,41,9999.0
R32-C9,32,9,0.0,64,9999,41,9999.0
R46-C10,46,10,40.0,171,171,41,1.0
R62-C15,62,15,0.0,64,9999,41,9999.0
R41-C15,41,15,37.0,175,175,41,4.0
R35-C6,35,6,40.0,171,171,41,1.0
R46-C16,46,16,40.0,154,154,41,1.0
R51-C5,51,5,0.0,64,9999,41,9999.0
R59-C12,59,12,0.0,64,9999,41,9999.0
R42-C41,42,41,40.0,143,143,41,1.0
R42-C50,42,50,32.0,156,156,41,9.0
R37-C46,37,46,36.0,173,173,41,5.0
R50-C42,50,42,0.0,64,9999,41,9999.0
R57-C26,57,26,0.0,64,9999,41,9999.0
R39-C41,39,41,0.0,64,9999,41,9999.0
R42-C47,42,47,33.0,171,171,41,8.0
R52-C19,52,19,0.0,64,9999,41,9999.0
R41-C18,41,18,38.0,171,171,41,3.0
R57-C17,57,17,40.0,171,171,41,1.0
R35-C12,35,12,40.0,171,171,41,1.0
R56-C6,56,6,0.0,64,9999,41,9999.0
R53-C51,53,51,39.0,169,169,41,2.0
R63-C38,63,38,0.0,64,9999,41,9999.0
R55-C40,55,40,0.0,64,9999,41,9999.0
R50-C51,50,51,0.0,64,9999,41,9999.0
R55-C25,55,25,0.0,64,9999,41,9999.0
R57-C23,57,23,33.0,175,175,41,8.0
R54-C20,54,20,0.0,64,9999,41,9999.0
R54-C17,54,17,0.0,64,9999,41,9999.0
R62-C9,62,9,0.0,64,9999,41,9999.0
R48-C8,48,8,0.0,64,9999,41,9999.0
R50-C45,50,45,38.0,173,173,41,3.0
R58-C43,58,43,0.0,64,9999,41,9999.0
R42-C44,42,44,31.0,156,156,41,10.0
R49-C25,49,25,0.0,64,9999,41,9999.0
R62-C18,62,18,0.0,64,9999,41,9999.0
R53-C42,53,42,0.0,64,9999,41,9999.0
R58-C46,58,46,0.0,64,9999,41,9999.0
R86-C9,86,9,40.0,158,158,41,1.0
R81-C11,81,11,40.0,175,175,41,1.0
R67-C7,67,7,40.0,154,154,41,1.0
R86-C12,86,12,0.0,64,9999,41,9999.0
R94-C7,94,7,0.0,64,9999,41,9999.0
R94-C10,94,10,39.0,175,175,41,2.0
R80-C3,80,3,37.0,157,157,41,4.0
R70-C7,70,7,0.0,64,9999,41,9999.0
R78-C5,78,5,0.0,64,9999,41,9999.0
R67-C4,67,4,40.0,154,154,41,1.0
R83-C6,83,6,0.0,64,9999,41,9999.0
R83-C3,83,3,40.0,158,158,41,1.0
R86-C3,86,3,38.0,158,158,41,3.0
R75-C5,75,5,38.0,157,157,41,3.0
R64-C1,64,1,0.0,64,9999,41,9999.0
R75-C2,75,2,0.0,64,9999,41,9999.0
R91-C1,91,1,0.0,64,9999,41,9999.0
R67-C1,67,1,0.0,64,9999,41,9999.0
R80-C48,80,48,40.0,152,152,41,1.0
R77-C42,77,42,40.0,156,156,41,1.0
R93-C41,93,41,38.0,156,156,41,3.0
R69-C44,69,44,38.0,156,156,41,3.0
R75-C50,75,50,33.0,171,171,41,8.0
R77-C48,77,48,0.0,64,9999,41,9999.0
R77-C45,77,45,40.0,169,169,41,1.0
R83-C51,83,51,40.0,169,169,41,1.0
R72-C44,72,44,37.0,173,173,41,4.0
R93-C50,93,50,0.0,64,9999,41,9999.0
R82-C46,82,46,0.0,64,9999,41,9999.0
R74-C48,74,48,0.0,64,9999,41,9999.0
R66-C47,66,47,0.0,64,9999,41,9999.0
R71-C36,71,36,38.0,173,173,41,3.0
R82-C34,82,34,40.0,169,169,41,1.0
R69-C47,69,47,40.0,169,169,41,1.0
R69-C41,69,41,36.0,173,173,41,5.0
R74-C36,74,36,40.0,156,156,41,1.0
R88-C43,88,43,40.0,169,169,41,1.0
R69-C50,69,50,38.0,156,156,41,3.0
R83-C48,83,48,40.0,152,152,41,1.0
R80-C45,80,45,34.0,171,171,41,7.0
R88-C46,88,46,38.0,156,156,41,3.0
R66-C38,66,38,40.0,173,173,41,1.0
R71-C30,71,30,37.0,171,171,41,4.0
R66-C41,66,41,0.0,64,9999,41,9999.0
R80-C51,80,51,38.0,173,173,41,3.0
R82-C43,82,43,0.0,64,9999,41,9999.0
R77-C39,77,39,40.0,173,173,41,1.0
R71-C33,71,33,38.0,173,173,41,3.0
R87-C29,87,29,39.0,154,154,41,2.0
R90-C38,90,38,41.0,169,169,41,0.0
R93-C44,93,44,38.0,173,173,41,3.0
R87-C35,87,35,38.0,173,173,41,3.0
R85-C37,85,37,0.0,64,9999,41,9999.0
R64-C49,64,49,39.0,173,173,41,2.0
R93-C38,93,38,39.0,173,173,41,2.0
R87-C32,87,32,40.0,169,169,41,1.0
R85-C46,85,46,31.0,158,158,41,10.0
R72-C50,72,50,40.0,156,156,41,1.0
R71-C42,71,42,0.0,64,9999,41,9999.0
R91-C46,91,46,0.0,64,9999,41,9999.0
R93-C47,93,47,34.0,154,154,41,7.0
R82-C37,82,37,38.0,156,156,41,3.0
R66-C32,66,32,36.0,156,156,41,5.0
R82-C40,82,40,39.0,173,173,41,2.0
R95-C33,95,33,40.0,173,173,41,1.0
R66-C35,66,35,39.0,173,173,41,2.0
R93-C35,93,35,39.0,173,173,41,2.0
R92-C27,92,27,38.0,156,156,41,3.0
R74-C30,74,30,34.0,171,171,41,7.0
R68-C24,68,24,38.0,171,171,41,3.0
R82-C31,82,31,39.0,173,173,41,2.0
R88-C49,88,49,40.0,173,173,41,1.0
R95-C27,95,27,40.0,171,171,41,1.0
R68-C30,68,30,39.0,156,156,41,2.0
R74-C45,74,45,0.0,64,9999,41,9999.0
R90-C35,90,35,39.0,171,171,41,2.0
R71-C27,71,27,38.0,156,156,41,3.0
R80-C42,80,42,35.0,154,154,41,6.0
R77-C36,77,36,39.0,173,173,41,2.0
R69-C38,69,38,39.0,173,173,41,2.0
R79-C34,79,34,39.0,173,173,41,2.0
R85-C40,85,40,38.0,156,156,41,3.0
R90-C32,90,32,39.0,173,173,41,2.0
R95-C30,95,30,30.0,175,175,41,11.0
R74-C33,74,33,31.0,175,175,41,10.0
R84-C26,84,26,0.0,64,9999,41,9999.0
R85-C49,85,49,36.0,171,171,41,5.0
R84-C23,84,23,40.0,156,156,41,1.0
R92-C21,92,21,40.0,156,156,41,1.0
R85-C43,85,43,39.0,156,156,41,2.0
R84-C29,84,29,39.0,173,173,41,2.0
R68-C36,68,36,0.0,64,9999,41,9999.0
R92-C30,92,30,0.0,64,9999,41,9999.0
R76-C28,76,28,39.0,173,173,41,2.0
R74-C39,74,39,39.0,156,156,41,2.0
R65-C18,65,18,38.0,171,171,41,3.0
R90-C29,90,29,31.0,175,175,41,10.0
R76-C31,76,31,0.0,64,9999,41,9999.0
R79-C28,79,28,40.0,173,173,41,1.0
R79-C31,79,31,34.0,175,175,41,7.0
R92-C24,92,24,35.0,171,171,41,6.0
R68-C21,68,21,39.0,156,156,41,2.0
R68-C27,68,27,40.0,156,156,41,1.0
R81-C26,81,26,0.0,64,9999,41,9999.0
R65-C24,65,24,40.0,173,173,41,1.0
R79-C25,79,25,40.0,173,173,41,1.0
R76-C25,76,25,36.0,171,171,41,5.0
R71-C24,71,24,0.0,64,9999,41,9999.0
R81-C23,81,23,38.0,171,171,41,3.0
R89-C21,89,21,0.0,64,9999,41,9999.0
R95-C24,95,24,0.0,64,9999,41,9999.0
R73-C22,73,22,37.0,171,171,41,4.0
R89-C18,89,18,36.0,171,171,41,5.0
R95-C21,95,21,0.0,64,9999,41,9999.0
R70-C19,70,19,0.0,64,9999,41,9999.0
R87-C23,87,23,39.0,171,171,41,2.0
R92-C15,92,15,36.0,171,171,41,5.0
R76-C19,76,19,37.0,171,171,41,4.0
R92-C18,92,18,38.0,171,171,41,3.0
R73-C19,73,19,37.0,171,171,41,4.0
R79-C22,79,22,0.0,64,9999,41,9999.0
R84-C17,84,17,38.0,171,171,41,3.0
R87-C26,87,26,40.0,171,171,41,1.0
R81-C17,81,17,39.0,175,175,41,2.0
R89-C15,89,15,39.0,175,175,41,2.0
R70-C13,70,13,0.0,64,9999,41,9999.0
R76-C22,76,22,37.0,154,154,41,4.0
R84-C20,84,20,39.0,171,171,41,2.0
R86-C15,86,15,35.0,154,154,41,6.0
R68-C18,68,18,0.0,64,9999,41,9999.0
R65-C15,65,15,0.0,64,9999,41,9999.0
R81-C20,81,20,0.0,64,9999,41,9999.0
R78-C11,78,11,39.0,154,154,41,2.0
R73-C16,73,16,38.0,175,175,41,3.0
R73-C13,73,13,0.0,64,9999,41,9999.0
R65-C12,65,12,34.0,175,175,41,7.0
R75-C11,75,11,0.0,64,9999,41,9999.0
R89-C9,89,9,40.0,171,171,41,1.0
R89-C12,89,12,0.0,64,9999,41,9999.0
R83-C9,83,9,0.0,64,9999,41,9999.0
R81-C14,81,14,39.0,175,175,41,2.0
R70-C10,70,10,0.0,64,9999,41,9999.0
R78-C8,78,8,0.0,64,9999,41,9999.0
R72-C47,72,47,39.0,169,169,41,2.0
R90-C41,90,41,28.0,175,175,41,13.0
R88-C40,88,40,0.0,64,9999,41,9999.0
R92-C33,92,33,0.0,64,9999,41,9999.0
R87-C38,87,38,0.0,64,9999,41,9999.0
R65-C21,65,21,38.0,171,171,41,3.0
R78-C17,78,17,40.0,173,173,41,1.0
R94-C13,94,13,0.0,64,9999,41,9999.0
R67-C10,67,10,0.0,64,9999,41,9999.0
R76-C16,76,16,0.0,64,9999,41,9999.0
R70-C16,70,16,0.0,64,9999,41,9999.0
R75-C8,75,8,0.0,64,9999,41,9999.0
R91-C4,91,4,0.0,64,9999,41,9999.0
R91-C7,91,7,0.0,64,9999,41,9999.0
R94-C4,94,4,0.0,64,9999,41,9999.0
R66-C44,66,44,41.0,169,169,41,0.0
R91-C49,91,49,40.0,169,169,41,1.0
R67-C49,67,49,0.0,64,9999,41,9999.0
R77-C51,77,51,0.0,64,9999,41,9999.0
R71-C39,71,39,0.0,64,9999,41,9999.0
R85-C34,85,34,34.0,171,171,41,7.0
R89-C27,89,27,0.0,64,9999,41,9999.0
R65-C30,65,30,0.0,64,9999,41,9999.0
R68-C33,68,33,0.0,64,9999,41,9999.0
R94-C16,94,16,0.0,64,9999,41,9999.0
R91-C10,91,10,0.0,64,9999,41,9999.0
R74-C42,74,42,40.0,169,169,41,1.0
R73-C25,73,25,0.0,64,9999,41,9999.0
R90-C44,90,44,0.0,64,9999,41,9999.0
R57-C25,57,25,0.0,64,9999,41,9999.0
R110-C22,110,22,0.0,64,9999,41,9999.0
R82-C28,82,28,0.0,64,9999,41,9999.0
R78-C14,78,14,0.0,64,9999,41,9999.0
R86-C6,86,6,0.0,64,9999,41,9999.0
R95-C36,95,36,0.0,64,9999,41,9999.0
R73-C10,73,10,0.0,64,9999,41,9999.0
R110-C6,110,6,38.0,153,153,41,3.0
R102-C8,102,8,40.0,175,175,41,1.0
R126-C5,126,5,39.0,175,175,41,2.0
R121-C10,121,10,31.0,157,157,41,10.0
R102-C5,102,5,0.0,64,9999,41,9999.0
R116-C15,116,15,39.0,153,153,41,2.0
R121-C7,121,7,0.0,64,9999,41,9999.0
R107-C6,107,6,0.0,64,9999,41,9999.0
R104-C6,104,6,0.0,64,9999,41,9999.0
R110-C3,110,3,0.0,64,9999,41,9999.0
R126-C2,126,2,0.0,64,9999,41,9999.0
R102-C2,102,2,0.0,64,9999,41,9999.0
R99-C2,99,2,39.0,158,158,41,2.0
R96-C2,96,2,0.0,64,9999,41,9999.0
R107-C3,107,3,0.0,64,9999,41,9999.0
R123-C2,123,2,0.0,64,9999,41,9999.0
R118-C13,118,13,40.0,153,153,41,1.0
R116-C12,116,12,40.0,157,157,41,1.0
R118-C10,118,10,40.0,157,157,41,1.0
R115-C10,115,10,35.0,155,155,41,6.0
R120-C2,120,2,0.0,64,9999,41,9999.0
R118-C7,118,7,37.0,155,155,41,4.0
R115-C7,115,7,38.0,155,155,41,3.0
R121-C4,121,4,37.0,159,159,41,4.0
R115-C4,115,4,40.0,155,155,41,1.0
R118-C1,118,1,0.0,64,9999,41,9999.0
R118-C4,118,4,0.0,64,9999,41,9999.0
R115-C1,115,1,0.0,64,9999,41,9999.0
R66-C4,66,4,0.0,64,9999,41,9999.0
R120-C47,120,47,40.0,139,139,41,1.0
R115-C49,115,49,40.0,139,139,41,1.0
R115-C43,115,43,40.0,139,139,41,1.0
R112-C49,112,49,38.0,172,172,41,3.0
R112-C43,112,43,40.0,152,152,41,1.0
R115-C46,115,46,39.0,143,143,41,2.0
R114-C38,114,38,39.0,143,143,41,2.0
R117-C41,117,41,34.0,174,174,41,7.0
R117-C44,117,44,40.0,143,143,41,1.0
R118-C49,118,49,40.0,143,143,41,1.0
R117-C47,117,47,37.0,170,170,41,4.0
R114-C41,114,41,40.0,172,172,41,1.0
R114-C35,114,35,40.0,172,172,41,1.0
R120-C44,120,44,40.0,143,143,41,1.0
R117-C38,117,38,37.0,170,170,41,4.0
R120-C41,120,41,36.0,174,174,41,5.0
R119-C36,119,36,39.0,170,170,41,2.0
R117-C35,117,35,40.0,170,170,41,1.0
R117-C32,117,32,40.0,170,170,41,1.0
R120-C38,120,38,36.0,169,169,41,5.0
R119-C27,119,27,40.0,170,170,41,1.0
R116-C30,116,30,37.0,169,169,41,4.0
R116-C27,116,27,39.0,169,169,41,2.0
R114-C32,114,32,39.0,174,174,41,2.0
R96-C47,96,47,40.0,152,152,41,1.0
R104-C45,104,45,40.0,173,173,41,1.0
R107-C51,107,51,40.0,156,156,41,1.0
R110-C51,110,51,35.0,173,173,41,6.0
R123-C50,123,50,39.0,173,173,41,2.0
R107-C45,107,45,40.0,174,174,41,1.0
R101-C45,101,45,0.0,64,9999,41,9999.0
R98-C33,98,33,39.0,154,154,41,2.0
R104-C48,104,48,0.0,64,9999,41,9999.0
R99-C47,99,47,39.0,152,152,41,2.0
R126-C50,126,50,40.0,152,152,41,1.0
R116-C24,116,24,37.0,156,156,41,4.0
R101-C39,101,39,40.0,156,156,41,1.0
R96-C44,96,44,38.0,173,173,41,3.0
R101-C42,101,42,37.0,173,173,41,4.0
R109-C43,109,43,0.0,64,9999,41,9999.0
R96-C50,96,50,38.0,173,173,41,3.0
R125-C36,125,36,39.0,171,171,41,2.0
R112-C46,112,46,39.0,152,152,41,2.0
R125-C39,125,39,38.0,173,173,41,3.0
R107-C48,107,48,40.0,173,173,41,1.0
R119-C24,119,24,37.0,156,156,41,4.0
R122-C30,122,30,40.0,156,156,41,1.0
R104-C39,104,39,37.0,156,156,41,4.0
R125-C33,125,33,34.0,171,171,41,7.0
R96-C41,96,41,38.0,173,173,41,3.0
R123-C44,123,44,38.0,173,173,41,3.0
R109-C34,109,34,37.0,173,173,41,4.0
R106-C40,106,40,0.0,64,9999,41,9999.0
R112-C40,112,40,38.0,173,173,41,3.0
R122-C33,122,33,33.0,171,171,41,8.0
R104-C42,104,42,38.0,156,156,41,3.0
R98-C39,98,39,0.0,64,9999,41,9999.0
R99-C50,99,50,37.0,173,173,41,4.0
R109-C37,109,37,38.0,173,173,41,3.0
R104-C51,104,51,26.0,157,157,41,15.0
R111-C32,111,32,37.0,173,173,41,4.0
R122-C39,122,39,0.0,64,9999,41,9999.0
R116-C21,116,21,39.0,173,173,41,2.0
R119-C30,119,30,38.0,156,156,41,3.0
R125-C30,125,30,37.0,173,173,41,4.0
R109-C40,109,40,38.0,156,156,41,3.0
R98-C27,98,27,34.0,171,171,41,7.0
R114-C29,114,29,39.0,156,156,41,2.0
R106-C34,106,34,39.0,173,173,41,2.0
R119-C21,119,21,39.0,173,173,41,2.0
R98-C30,98,30,39.0,173,173,41,2.0
R103-C37,103,37,0.0,64,9999,41,9999.0
R123-C47,123,47,39.0,173,173,41,2.0
R122-C27,122,27,39.0,173,173,41,2.0
R100-C28,100,28,0.0,64,9999,41,9999.0
R101-C36,101,36,32.0,175,175,41,9.0
R108-C20,108,20,40.0,156,156,41,1.0
R106-C31,106,31,38.0,156,156,41,3.0
R122-C24,122,24,38.0,156,156,41,3.0
R98-C36,98,36,0.0,64,9999,41,9999.0
R103-C28,103,28,40.0,173,173,41,1.0
R103-C25,103,25,40.0,173,173,41,1.0
R111-C29,111,29,0.0,64,9999,41,9999.0
R127-C22,127,22,39.0,156,156,41,2.0
R114-C26,114,26,33.0,175,175,41,8.0
R100-C25,100,25,35.0,171,171,41,6.0
R111-C26,111,26,39.0,154,154,41,2.0
R100-C22,100,22,36.0,171,171,41,5.0
R121-C16,121,16,36.0,171,171,41,5.0
R103-C31,103,31,0.0,64,9999,41,9999.0
R97-C19,97,19,0.0,64,9999,41,9999.0
R111-C20,111,20,39.0,171,171,41,2.0
R111-C23,111,23,0.0,64,9999,41,9999.0
R124-C28,124,28,0.0,64,9999,41,9999.0
R124-C19,124,19,39.0,156,156,41,2.0
R124-C16,124,16,34.0,154,154,41,7.0
R105-C17,105,17,0.0,64,9999,41,9999.0
R100-C19,100,19,35.0,175,175,41,6.0
R100-C16,100,16,33.0,175,175,41,8.0
R113-C12,113,12,39.0,154,154,41,2.0
R105-C14,105,14,39.0,154,154,41,2.0
R116-C18,116,18,40.0,171,171,41,1.0
R124-C22,124,22,0.0,64,9999,41,9999.0
R108-C17,108,17,0.0,64,9999,41,9999.0
R127-C19,127,19,40.0,171,171,41,1.0
R105-C11,105,11,38.0,154,154,41,3.0
R97-C16,97,16,38.0,175,175,41,3.0
R103-C19,103,19,0.0,64,9999,41,9999.0
R102-C14,102,14,0.0,64,9999,41,9999.0
R97-C13,97,13,39.0,154,154,41,2.0
R113-C15,113,15,36.0,175,175,41,5.0
R121-C13,121,13,40.0,171,171,41,1.0
R118-C16,118,16,37.0,175,175,41,4.0
R108-C14,108,14,39.0,171,171,41,2.0
R126-C14,126,14,0.0,64,9999,41,9999.0
R126-C11,126,11,0.0,64,9999,41,9999.0
R124-C10,124,10,0.0,64,9999,41,9999.0
R124-C13,124,13,0.0,64,9999,41,9999.0
R110-C9,110,9,36.0,175,175,41,5.0
R119-C18,119,18,38.0,158,158,41,3.0
R113-C9,113,9,0.0,64,9999,41,9999.0
R105-C8,105,8,40.0,171,171,41,1.0
R113-C6,113,6,0.0,64,9999,41,9999.0
R97-C10,97,10,41.0,171,171,41,0.0
R102-C11,102,11,38.0,175,175,41,3.0
R110-C12,110,12,0.0,64,9999,41,9999.0
R120-C50,120,50,40.0,168,168,41,1.0
R119-C33,119,33,37.0,152,152,41,4.0
R101-C51,101,51,0.0,64,9999,41,9999.0
R95-C39,95,39,0.0,64,9999,41,9999.0
R125-C42,125,42,0.0,64,9999,41,9999.0
R106-C43,106,43,0.0,64,9999,41,9999.0
R122-C36,122,36,0.0,64,9999,41,9999.0
R101-C33,101,33,38.0,173,173,41,3.0
R106-C37,106,37,0.0,64,9999,41,9999.0
R127-C28,127,28,0.0,64,9999,41,9999.0
R100-C31,100,31,0.0,64,9999,41,9999.0
R98-C45,98,45,0.0,64,9999,41,9999.0
R106-C28,106,28,37.0,171,171,41,4.0
R106-C25,106,25,0.0,64,9999,41,9999.0
R103-C22,103,22,40.0,156,156,41,1.0
R105-C20,105,20,37.0,171,171,41,4.0
R108-C26,108,26,0.0,64,9999,41,9999.0
R113-C24,113,24,0.0,64,9999,41,9999.0
R126-C8,126,8,0.0,64,9999,41,9999.0
R109-C31,109,31,35.0,171,171,41,6.0
R125-C48,125,48,0.0,64,9999,41,9999.0
R127-C31,127,31,0.0,64,9999,41,9999.0
R103-C34,103,34,0.0,64,9999,41,9999.0
R127-C25,127,25,0.0,64,9999,41,9999.0
R113-C21,113,21,0.0,64,9999,41,9999.0
R113-C18,113,18,0.0,64,9999,41,9999.0
R100-C13,100,13,0.0,64,9999,41,9999.0
R99-C8,99,8,0.0,64,9999,41,9999.0
R99-C5,99,5,21.0,159,159,41,20.0
R112-C1,112,1,41.0,159,159,41,0.0
R124-C25,124,25,0.0,64,9999,41,9999.0
R97-C22,97,22,0.0,64,9999,41,9999.0
R108-C23,108,23,0.0,64,9999,41,9999.0
R109-C49,109,49,0.0,64,9999,41,9999.0
R111-C35,111,35,0.0,64,9999,41,9999.0
R99-C11,99,11,0.0,64,9999,41,9999.0
R101-C48,101,48,0.0,64,9999,41,9999.0
R97-C7,97,7,0.0,64,9999,41,9999.0
R123-C5,123,5,0.0,64,9999,41,9999.0
R112-C37,112,37,36.0,156,156,41,5.0
R121-C19,121,19,0.0,64,9999,41,9999.0
R110-C18,110,18,0.0,64,9999,41,9999.0
R16-C27,16,27,0.0,64,9999,41,9999.0
R61-C42,61,42,26.0,157,157,41,15.0
R118-C33,118,33,32.0,158,158,41,9.0
R63-C4,63,4,0.0,64,9999,41,9999.0
R43-C1,43,1,0.0,64,9999,41,9999.0
R119-C22,119,22,38.0,170,170,41,3.0
R120-C21,120,21,35.0,152,152,41,6.0
R114-C24,114,24,40.0,170,170,41,1.0
R125-C22,125,22,40.0,170,170,41,1.0
R124-C20,124,20,37.0,152,152,41,4.0
R112-C20,112,20,40.0,152,152,41,1.0
R119-C25,119,25,38.0,152,152,41,3.0
R113-C19,113,19,40.0,169,169,41,1.0
R126-C21,126,21,40.0,170,170,41,1.0
R107-C22,107,22,40.0,152,152,41,1.0
R63-C7,63,7,0.0,64,9999,41,9999.0
R105-C18,105,18,40.0,152,152,41,1.0
R117-C24,117,24,40.0,173,173,41,1.0
R113-C16,113,16,40.0,152,152,41,1.0
R80-C16,80,16,39.0,171,171,41,2.0
R86-C16,86,16,40.0,169,169,41,1.0
R104-C16,104,16,37.0,156,156,41,4.0
R103-C17,103,17,38.0,156,156,41,3.0
R114-C18,114,18,32.0,175,175,41,9.0
R105-C15,105,15,38.0,173,173,41,3.0
R102-C15,102,15,39.0,156,156,41,2.0
R94-C14,94,14,40.0,173,173,41,1.0
R109-C23,109,23,40.0,173,173,41,1.0
R62-C13,62,13,39.0,156,156,41,2.0
R77-C13,77,13,40.0,156,156,41,1.0
R85-C17,85,17,36.0,154,154,41,5.0
R99-C15,99,15,36.0,154,154,41,5.0
R87-C15,87,15,37.0,154,154,41,4.0
R71-C13,71,13,39.0,171,171,41,2.0
R100-C14,100,14,39.0,171,171,41,2.0
R67-C11,67,11,39.0,154,154,41,2.0
R84-C12,84,12,39.0,175,175,41,2.0
R83-C13,83,13,40.0,171,171,41,1.0
R116-C22,116,22,40.0,170,170,41,1.0
R117-C21,117,21,37.0,174,174,41,4.0
R118-C20,118,20,37.0,174,174,41,4.0
R118-C17,118,17,40.0,169,169,41,1.0
R108-C18,108,18,40.0,169,169,41,1.0
R92-C16,92,16,38.0,173,173,41,3.0
R101-C19,101,19,38.0,173,173,41,3.0
R85-C14,85,14,40.0,156,156,41,1.0
R76-C14,76,14,38.0,171,171,41,3.0
R81-C12,81,12,39.0,171,171,41,2.0
R97-C14,97,14,39.0,154,154,41,2.0
R114-C21,114,21,37.0,174,174,41,4.0
R124-C23,124,23,40.0,170,170,41,1.0
R105-C21,105,21,39.0,174,174,41,2.0
R98-C16,98,16,35.0,156,156,41,6.0
R97-C17,97,17,40.0,169,169,41,1.0
R107-C19,107,19,40.0,174,174,41,1.0
R115-C17,115,17,38.0,156,156,41,3.0
R81-C15,81,15,40.0,156,156,41,1.0
R98-C13,98,13,38.0,154,154,41,3.0
R82-C11,82,11,40.0,171,171,41,1.0
R121-C23,121,23,38.0,174,174,41,3.0
R82-C14,82,14,40.0,156,156,41,1.0
R53-C10,53,10,35.0,158,158,41,6.0
R48-C7,48,7,40.0,155,155,41,1.0
R120-C18,120,18,39.0,174,174,41,2.0
R93-C18,93,18,40.0,169,169,41,1.0
R107-C16,107,16,38.0,156,156,41,3.0
R103-C14,103,14,40.0,156,156,41,1.0
R96-C12,96,12,40.0,156,156,41,1.0
R96-C18,96,18,32.0,171,171,41,9.0
R85-C11,85,11,35.0,175,175,41,6.0
R86-C13,86,13,37.0,175,175,41,4.0
R101-C16,101,16,39.0,173,173,41,2.0
R59-C10,59,10,39.0,171,171,41,2.0
R112-C4,112,4,0.0,64,9999,41,9999.0
R64-C10,64,10,31.0,159,159,41,10.0
R21-C13,21,13,0.0,64,9999,41,9999.0
R19-C15,19,15,0.0,64,9999,41,9999.0
R1-C27,1,27,36.0,171,171,41,5.0
R4-C39,4,39,38.0,173,173,41,3.0
R50-C20,50,20,0.0,64,9999,41,9999.0
R43-C24,43,24,0.0,64,9999,41,9999.0
R5-C26,5,26,31.0,175,175,41,10.0
R5-C20,5,20,0.0,64,9999,41,9999.0
R50-C50,50,50,31.0,171,171,41,10.0
R85-C39,85,39,39.0,169,169,41,2.0
R104-C35,104,35,40.0,173,173,41,1.0
R84-C40,84,40,33.0,171,171,41,8.0
R105-C37,105,37,0.0,64,9999,41,9999.0
R114-C40,114,40,36.0,173,173,41,5.0
R91-C42,91,42,36.0,173,173,41,5.0
R71-C50,71,50,39.0,174,174,41,2.0
R97-C42,97,42,28.0,175,175,41,13.0
R96-C46,96,46,28.0,175,175,41,13.0
R52-C47,52,47,40.0,174,174,41,1.0
R123-C18,123,18,37.0,174,174,41,4.0
R94-C17,94,17,37.0,173,173,41,4.0
R111-C18,111,18,40.0,169,169,41,1.0
R108-C15,108,15,31.0,175,175,41,10.0
R113-C22,113,22,36.0,171,171,41,5.0
R70-C14,70,14,0.0,64,9999,41,9999.0
R94-C11,94,11,0.0,64,9999,41,9999.0
R72-C6,72,6,0.0,64,9999,41,9999.0
R109-C14,109,14,38.0,171,171,41,3.0
R123-C24,123,24,33.0,175,175,41,8.0
R93-C12,93,12,0.0,64,9999,41,9999.0
R82-C17,82,17,35.0,175,175,41,6.0
R66-C12,66,12,0.0,64,9999,41,9999.0
R121-C17,121,17,39.0,170,170,41,2.0
R125-C25,125,25,38.0,174,174,41,3.0
R118-C14,118,14,0.0,64,9999,41,9999.0
R122-C22,122,22,36.0,174,174,41,5.0
R41-C7,41,7,0.0,64,9999,41,9999.0
R104-C13,104,13,39.0,173,173,41,2.0
R52-C31,52,31,36.0,171,171,41,5.0
R14-C20,14,20,0.0,64,9999,41,9999.0
R109-C46,109,46,37.0,173,173,41,4.0
R125-C45,125,45,38.0,174,174,41,3.0
R64-C7,64,7,0.0,64,9999,41,9999.0
R5-C17,5,17,17.0,184,184,41,24.0
R24-C13,24,13,17.0,184,184,41,24.0
R44-C11,44,11,0.0,64,9999,41,9999.0
R20-C14,20,14,0.0,64,9999,41,9999.0
R65-C2,65,2,15.0,188,188,41,26.0
R24-C10,24,10,0.0,64,9999,41,9999.0
R62-C53,62,53,0.0,64,9999,41,9999.0
R102-C12,102,12,0.0,64,9999,41,9999.0
R80-C4,80,4,0.0,64,9999,41,9999.0
R116-C16,116,16,0.0,64,9999,41,9999.0
R78-C6,78,6,6.0,190,190,41,35.0
R4-C25,4,25,17.0,184,184,41,24.0
R10-C1,10,1,0.0,64,9999,41,9999.0
R61-C1,61,1,0.0,64,9999,41,9999.0
R62-C1,62,1,0.0,64,9999,41,9999.0
R63-C1,63,1,0.0,64,9999,41,9999.0
R65-C1,65,1,0.0,64,9999,41,9999.0
R85-C1,85,1,0.0,64,9999,41,9999.0
R88-C1,88,1,0.0,64,9999,41,9999.0
R94-C1,94,1,0.0,64,9999,41,9999.0
R0-C2,0,2,0.0,64,9999,41,9999.0
R18-C2,18,2,0.0,64,9999,41,9999.0
R45-C2,45,2,0.0,64,9999,41,9999.0
R61-C2,61,2,0.0,64,9999,41,9999.0
R67-C2,67,2,0.0,64,9999,41,9999.0
R69-C2,69,2,0.0,64,9999,41,9999.0
R72-C2,72,2,0.0,64,9999,41,9999.0
R2-C3,2,3,0.0,64,9999,41,9999.0
R52-C3,52,3,0.0,64,9999,41,9999.0
R53-C3,53,3,0.0,64,9999,41,9999.0
R58-C3,58,3,0.0,64,9999,41,9999.0
R59-C3,59,3,0.0,64,9999,41,9999.0
R66-C3,66,3,0.0,64,9999,41,9999.0
R67-C3,67,3,0.0,64,9999,41,9999.0
R69-C3,69,3,0.0,64,9999,41,9999.0
R70-C3,70,3,0.0,64,9999,41,9999.0
R75-C3,75,3,0.0,64,9999,41,9999.0
R77-C3,77,3,0.0,64,9999,41,9999.0
R104-C3,104,3,0.0,64,9999,41,9999.0
R10-C4,10,4,0.0,64,9999,41,9999.0
R61-C4,61,4,0.0,64,9999,41,9999.0
R62-C4,62,4,0.0,64,9999,41,9999.0
R65-C4,65,4,0.0,64,9999,41,9999.0
R68-C4,68,4,0.0,64,9999,41,9999.0
R69-C4,69,4,0.0,64,9999,41,9999.0
R70-C4,70,4,0.0,64,9999,41,9999.0
R71-C4,71,4,0.0,64,9999,41,9999.0
R74-C4,74,4,0.0,64,9999,41,9999.0
R75-C4,75,4,0.0,64,9999,41,9999.0
R77-C4,77,4,0.0,64,9999,41,9999.0
R78-C4,78,4,0.0,64,9999,41,9999.0
R88-C4,88,4,0.0,64,9999,41,9999.0
R0-C5,0,5,0.0,64,9999,41,9999.0
R59-C5,59,5,0.0,64,9999,41,9999.0
R61-C5,61,5,0.0,64,9999,41,9999.0
R65-C5,65,5,0.0,64,9999,41,9999.0
R68-C5,68,5,0.0,64,9999,41,9999.0
R72-C5,72,5,0.0,64,9999,41,9999.0
R73-C5,73,5,0.0,64,9999,41,9999.0
R76-C5,76,5,0.0,64,9999,41,9999.0
R79-C5,79,5,0.0,64,9999,41,9999.0
R82-C5,82,5,0.0,64,9999,41,9999.0
R85-C5,85,5,0.0,64,9999,41,9999.0
R96-C5,96,5,0.0,64,9999,41,9999.0
R2-C6,2,6,0.0,64,9999,41,9999.0
R52-C6,52,6,0.0,64,9999,41,9999.0
R53-C6,53,6,0.0,64,9999,41,9999.0
R55-C6,55,6,0.0,64,9999,41,9999.0
R69-C6,69,6,0.0,64,9999,41,9999.0
R75-C6,75,6,0.0,64,9999,41,9999.0
R80-C6,80,6,0.0,64,9999,41,9999.0
R81-C6,81,6,0.0,64,9999,41,9999.0
R84-C6,84,6,0.0,64,9999,41,9999.0
R87-C6,87,6,0.0,64,9999,41,9999.0
R90-C6,90,6,0.0,64,9999,41,9999.0
R13-C7,13,7,0.0,64,9999,41,9999.0
R51-C7,51,7,0.0,64,9999,41,9999.0
R66-C7,66,7,0.0,64,9999,41,9999.0
R74-C7,74,7,0.0,64,9999,41,9999.0
R78-C7,78,7,0.0,64,9999,41,9999.0
R80-C7,80,7,0.0,64,9999,41,9999.0
R86-C7,86,7,0.0,64,9999,41,9999.0
R87-C7,87,7,0.0,64,9999,41,9999.0
R88-C7,88,7,0.0,64,9999,41,9999.0
R89-C7,89,7,0.0,64,9999,41,9999.0
R95-C7,95,7,0.0,64,9999,41,9999.0
R0-C8,0,8,0.0,64,9999,41,9999.0
R38-C8,38,8,0.0,64,9999,41,9999.0
R50-C8,50,8,0.0,64,9999,41,9999.0
R53-C8,53,8,0.0,64,9999,41,9999.0
R56-C8,56,8,0.0,64,9999,41,9999.0
R67-C8,67,8,0.0,64,9999,41,9999.0
R72-C8,72,8,0.0,64,9999,41,9999.0
R77-C8,77,8,0.0,64,9999,41,9999.0
R79-C8,79,8,0.0,64,9999,41,9999.0
R83-C8,83,8,0.0,64,9999,41,9999.0
R85-C8,85,8,0.0,64,9999,41,9999.0
R88-C8,88,8,0.0,64,9999,41,9999.0
R94-C8,94,8,0.0,64,9999,41,9999.0
R97-C8,97,8,0.0,64,9999,41,9999.0
R123-C8,123,8,0.0,64,9999,41,9999.0
R5-C9,5,9,0.0,64,9999,41,9999.0
R25-C9,25,9,0.0,64,9999,41,9999.0
R42-C9,42,9,0.0,64,9999,41,9999.0
R52-C9,52,9,0.0,64,9999,41,9999.0
R56-C9,56,9,0.0,64,9999,41,9999.0
R70-C9,70,9,0.0,64,9999,41,9999.0
R72-C9,72,9,0.0,64,9999,41,9999.0
R80-C9,80,9,0.0,64,9999,41,9999.0
R81-C9,81,9,0.0,64,9999,41,9999.0
R90-C9,90,9,0.0,64,9999,41,9999.0
R93-C9,93,9,0.0,64,9999,41,9999.0
R96-C9,96,9,0.0,64,9999,41,9999.0
R99-C9,99,9,0.0,64,9999,41,9999.0
R102-C9,102,9,0.0,64,9999,41,9999.0
R105-C9,105,9,0.0,64,9999,41,9999.0
R107-C9,107,9,0.0,64,9999,41,9999.0
R13-C10,13,10,0.0,64,9999,41,9999.0
R18-C10,18,10,0.0,64,9999,41,9999.0
R42-C10,42,10,0.0,64,9999,41,9999.0
R45-C10,45,10,0.0,64,9999,41,9999.0
R48-C10,48,10,0.0,64,9999,41,9999.0
R54-C10,54,10,0.0,64,9999,41,9999.0
R57-C10,57,10,0.0,64,9999,41,9999.0
R63-C10,63,10,0.0,64,9999,41,9999.0
R68-C10,68,10,0.0,64,9999,41,9999.0
R69-C10,69,10,0.0,64,9999,41,9999.0
R72-C10,72,10,0.0,64,9999,41,9999.0
R75-C10,75,10,0.0,64,9999,41,9999.0
R78-C10,78,10,0.0,64,9999,41,9999.0
R92-C10,92,10,0.0,64,9999,41,9999.0
R95-C10,95,10,0.0,64,9999,41,9999.0
R101-C10,101,10,0.0,64,9999,41,9999.0
R110-C10,110,10,0.0,64,9999,41,9999.0
R0-C11,0,11,0.0,64,9999,41,9999.0
R20-C11,20,11,0.0,64,9999,41,9999.0
R29-C11,29,11,0.0,64,9999,41,9999.0
R32-C11,32,11,0.0,64,9999,41,9999.0
R47-C11,47,11,0.0,64,9999,41,9999.0
R59-C11,59,11,0.0,64,9999,41,9999.0
R62-C11,62,11,0.0,64,9999,41,9999.0
R91-C11,91,11,0.0,64,9999,41,9999.0
R97-C11,97,11,0.0,64,9999,41,9999.0
R98-C11,98,11,0.0,64,9999,41,9999.0
R100-C11,100,11,0.0,64,9999,41,9999.0
R103-C11,103,11,0.0,64,9999,41,9999.0
R109-C11,109,11,0.0,64,9999,41,9999.0
R5-C12,5,12,0.0,64,9999,41,9999.0
R8-C12,8,12,0.0,64,9999,41,9999.0
R28-C12,28,12,0.0,64,9999,41,9999.0
R31-C12,31,12,0.0,64,9999,41,9999.0
R32-C12,32,12,0.0,64,9999,41,9999.0
R40-C12,40,12,0.0,64,9999,41,9999.0
R43-C12,43,12,0.0,64,9999,41,9999.0
R52-C12,52,12,0.0,64,9999,41,9999.0
R56-C12,56,12,0.0,64,9999,41,9999.0
R58-C12,58,12,0.0,64,9999,41,9999.0
R61-C12,61,12,0.0,64,9999,41,9999.0
R76-C12,76,12,0.0,64,9999,41,9999.0
R83-C12,83,12,0.0,64,9999,41,9999.0
R91-C12,91,12,0.0,64,9999,41,9999.0
R97-C12,97,12,0.0,64,9999,41,9999.0
R107-C12,107,12,0.0,64,9999,41,9999.0
R108-C12,108,12,0.0,64,9999,41,9999.0
R111-C12,111,12,0.0,64,9999,41,9999.0
R114-C12,114,12,0.0,64,9999,41,9999.0
R115-C12,115,12,0.0,64,9999,41,9999.0
R117-C12,117,12,0.0,64,9999,41,9999.0
R9-C13,9,13,0.0,64,9999,41,9999.0
R18-C13,18,13,0.0,64,9999,41,9999.0
R27-C13,27,13,0.0,64,9999,41,9999.0
R33-C13,33,13,0.0,64,9999,41,9999.0
R39-C13,39,13,0.0,64,9999,41,9999.0
R40-C13,40,13,0.0,64,9999,41,9999.0
R48-C13,48,13,0.0,64,9999,41,9999.0
R60-C13,60,13,0.0,64,9999,41,9999.0
R63-C13,63,13,0.0,64,9999,41,9999.0
R67-C13,67,13,0.0,64,9999,41,9999.0
R87-C13,87,13,0.0,64,9999,41,9999.0
R91-C13,91,13,0.0,64,9999,41,9999.0
R92-C13,92,13,0.0,64,9999,41,9999.0
R107-C13,107,13,0.0,64,9999,41,9999.0
R119-C13,119,13,0.0,64,9999,41,9999.0
R0-C14,0,14,0.0,64,9999,41,9999.0
R5-C14,5,14,0.0,64,9999,41,9999.0
R14-C14,14,14,0.0,64,9999,41,9999.0
R24-C14,24,14,0.0,64,9999,41,9999.0
R26-C14,26,14,0.0,64,9999,41,9999.0
R32-C14,32,14,0.0,64,9999,41,9999.0
R35-C14,35,14,0.0,64,9999,41,9999.0
R75-C14,75,14,0.0,64,9999,41,9999.0
R89-C14,89,14,0.0,64,9999,41,9999.0
R112-C14,112,14,0.0,64,9999,41,9999.0
R124-C14,124,14,0.0,64,9999,41,9999.0
R127-C14,127,14,0.0,64,9999,41,9999.0
R1-C15,1,15,0.0,64,9999,41,9999.0
R7-C15,7,15,0.0,64,9999,41,9999.0
R8-C15,8,15,0.0,64,9999,41,9999.0
R10-C15,10,15,0.0,64,9999,41,9999.0
R16-C15,16,15,0.0,64,9999,41,9999.0
R28-C15,28,15,0.0,64,9999,41,9999.0
R31-C15,31,15,0.0,64,9999,41,9999.0
R32-C15,32,15,0.0,64,9999,41,9999.0
R59-C15,59,15,0.0,64,9999,41,9999.0
R83-C15,83,15,0.0,64,9999,41,9999.0
R110-C15,110,15,0.0,64,9999,41,9999.0
R114-C15,114,15,0.0,64,9999,41,9999.0
R117-C15,117,15,0.0,64,9999,41,9999.0
R123-C15,123,15,0.0,64,9999,41,9999.0
R126-C15,126,15,0.0,64,9999,41,9999.0
R3-C16,3,16,0.0,64,9999,41,9999.0
R9-C16,9,16,0.0,64,9999,41,9999.0
R12-C16,12,16,0.0,64,9999,41,9999.0
R15-C16,15,16,0.0,64,9999,41,9999.0
R16-C16,16,16,0.0,64,9999,41,9999.0
R39-C16,39,16,0.0,64,9999,41,9999.0
R45-C16,45,16,0.0,64,9999,41,9999.0
R51-C16,51,16,0.0,64,9999,41,9999.0
R66-C16,66,16,0.0,64,9999,41,9999.0
R67-C16,67,16,0.0,64,9999,41,9999.0
R117-C16,117,16,0.0,64,9999,41,9999.0
R122-C16,122,16,0.0,64,9999,41,9999.0
R125-C16,125,16,0.0,64,9999,41,9999.0
R127-C16,127,16,0.0,64,9999,41,9999.0
R0-C17,0,17,0.0,64,9999,41,9999.0
R2-C17,2,17,0.0,64,9999,41,9999.0
R20-C17,20,17,0.0,64,9999,41,9999.0
R29-C17,29,17,0.0,64,9999,41,9999.0
R35-C17,35,17,0.0,64,9999,41,9999.0
R41-C17,41,17,0.0,64,9999,41,9999.0
R51-C17,51,17,0.0,64,9999,41,9999.0
R101-C17,101,17,0.0,64,9999,41,9999.0
R102-C17,102,17,0.0,64,9999,41,9999.0
R8-C18,8,18,0.0,64,9999,41,9999.0
R10-C18,10,18,0.0,64,9999,41,9999.0
R13-C18,13,18,0.0,64,9999,41,9999.0
R59-C18,59,18,0.0,64,9999,41,9999.0
R86-C18,86,18,0.0,64,9999,41,9999.0
R24-C19,24,19,0.0,64,9999,41,9999.0
R27-C19,27,19,0.0,64,9999,41,9999.0
R45-C19,45,19,0.0,64,9999,41,9999.0
R94-C19,94,19,0.0,64,9999,41,9999.0
R119-C19,119,19,0.0,64,9999,41,9999.0
R78-C20,78,20,0.0,64,9999,41,9999.0
R11-C21,11,21,0.0,64,9999,41,9999.0
R62-C21,62,21,0.0,64,9999,41,9999.0
R86-C21,86,21,0.0,64,9999,41,9999.0
R108-C21,108,21,0.0,64,9999,41,9999.0
R70-C22,70,22,0.0,64,9999,41,9999.0
R121-C22,121,22,0.0,64,9999,41,9999.0
R3-C23,3,23,0.0,64,9999,41,9999.0
R54-C23,54,23,0.0,64,9999,41,9999.0
R105-C23,105,23,0.0,64,9999,41,9999.0
R4-C24,4,24,0.0,64,9999,41,9999.0
R11-C24,11,24,0.0,64,9999,41,9999.0
R62-C24,62,24,0.0,64,9999,41,9999.0
R89-C24,89,24,0.0,64,9999,41,9999.0
R46-C25,46,25,0.0,64,9999,41,9999.0
R97-C25,97,25,0.0,64,9999,41,9999.0
R122-C25,122,25,0.0,64,9999,41,9999.0
R38-C27,38,27,0.0,64,9999,41,9999.0
R65-C27,65,27,0.0,64,9999,41,9999.0
R73-C28,73,28,0.0,64,9999,41,9999.0
R57-C29,57,29,0.0,64,9999,41,9999.0
R108-C29,108,29,0.0,64,9999,41,9999.0
R14-C30,14,30,0.0,64,9999,41,9999.0
R6-C31,6,31,0.0,64,9999,41,9999.0
R7-C31,7,31,0.0,64,9999,41,9999.0
R49-C31,49,31,0.0,64,9999,41,9999.0
R84-C31,84,31,0.0,64,9999,41,9999.0
R105-C31,105,31,0.0,64,9999,41,9999.0
R14-C32,14,32,0.0,64,9999,41,9999.0
R71-C32,71,32,0.0,64,9999,41,9999.0
R83-C32,83,32,0.0,64,9999,41,9999.0
R84-C32,84,32,0.0,64,9999,41,9999.0
R7-C33,7,33,0.0,64,9999,41,9999.0
R17-C33,17,33,0.0,64,9999,41,9999.0
R41-C33,41,33,0.0,64,9999,41,9999.0
R70-C33,70,33,0.0,64,9999,41,9999.0
R24-C34,24,34,0.0,64,9999,41,9999.0
R76-C34,76,34,0.0,64,9999,41,9999.0
R9-C35,9,35,0.0,64,9999,41,9999.0
R60-C35,60,35,0.0,64,9999,41,9999.0
R65-C35,65,35,0.0,64,9999,41,9999.0
R3-C36,3,36,0.0,64,9999,41,9999.0
R4-C36,4,36,0.0,64,9999,41,9999.0
R6-C36,6,36,0.0,64,9999,41,9999.0
R16-C36,16,36,0.0,64,9999,41,9999.0
R17-C36,17,36,0.0,64,9999,41,9999.0
R44-C36,44,36,0.0,64,9999,41,9999.0
R109-C36,109,36,0.0,64,9999,41,9999.0
R121-C36,121,36,0.0,64,9999,41,9999.0
R1-C37,1,37,0.0,64,9999,41,9999.0
R18-C37,18,37,0.0,64,9999,41,9999.0
R45-C37,45,37,0.0,64,9999,41,9999.0
R52-C37,52,37,0.0,64,9999,41,9999.0
R63-C37,63,37,0.0,64,9999,41,9999.0
R79-C37,79,37,0.0,64,9999,41,9999.0
R117-C37,117,37,0.0,64,9999,41,9999.0
R123-C37,123,37,0.0,64,9999,41,9999.0
R62-C38,62,38,0.0,64,9999,41,9999.0
R122-C38,122,38,0.0,64,9999,41,9999.0
R3-C39,3,39,0.0,64,9999,41,9999.0
R20-C39,20,39,0.0,64,9999,41,9999.0
R49-C39,49,39,0.0,64,9999,41,9999.0
R115-C39,115,39,0.0,64,9999,41,9999.0
R127-C39,127,39,0.0,64,9999,41,9999.0
R2-C40,2,40,0.0,64,9999,41,9999.0
R79-C40,79,40,0.0,64,9999,41,9999.0
R12-C41,12,41,0.0,64,9999,41,9999.0
R29-C41,29,41,0.0,64,9999,41,9999.0
R56-C41,56,41,0.0,64,9999,41,9999.0
R63-C41,63,41,0.0,64,9999,41,9999.0
R98-C41,98,41,0.0,64,9999,41,9999.0
R104-C41,104,41,0.0,64,9999,41,9999.0
R119-C41,119,41,0.0,64,9999,41,9999.0
R18-C42,18,42,0.0,64,9999,41,9999.0
R76-C42,76,42,0.0,64,9999,41,9999.0
R98-C42,98,42,0.0,64,9999,41,9999.0
R103-C42,103,42,0.0,64,9999,41,9999.0
R122-C42,122,42,0.0,64,9999,41,9999.0
R4-C43,4,43,0.0,64,9999,41,9999.0
R45-C43,45,43,0.0,64,9999,41,9999.0
R55-C43,55,43,0.0,64,9999,41,9999.0
R95-C44,95,44,0.0,64,9999,41,9999.0
R23-C45,23,45,0.0,64,9999,41,9999.0
R24-C45,24,45,0.0,64,9999,41,9999.0
R34-C45,34,45,0.0,64,9999,41,9999.0
R82-C45,82,45,0.0,64,9999,41,9999.0
R30-C46,30,46,0.0,64,9999,41,9999.0
R63-C46,63,46,0.0,64,9999,41,9999.0
R37-C47,37,47,0.0,64,9999,41,9999.0
R61-C47,61,47,0.0,64,9999,41,9999.0
R62-C47,62,47,0.0,64,9999,41,9999.0
R80-C47,80,47,0.0,64,9999,41,9999.0
R92-C47,92,47,0.0,64,9999,41,9999.0
R23-C48,23,48,0.0,64,9999,41,9999.0
R42-C48,42,48,0.0,64,9999,41,9999.0
R50-C48,50,48,0.0,64,9999,41,9999.0
R60-C48,60,48,0.0,64,9999,41,9999.0
R79-C48,79,48,0.0,64,9999,41,9999.0
R58-C49,58,49,0.0,64,9999,41,9999.0
R71-C49,71,49,0.0,64,9999,41,9999.0
R75-C49,75,49,0.0,64,9999,41,9999.0
R78-C49,78,49,0.0,64,9999,41,9999.0
R49-C50,49,50,0.0,64,9999,41,9999.0
R58-C51,58,51,0.0,64,9999,41,9999.0
